modelo,marca,placa,color,a√±o,kilometraje,rentado,motor,precio_renta,ced_cliente,fecha_de_entrega
Mustang,Tesla,N167,Rojo,2020,1783,0,,0,,
Model S,Honda,L104,Gris,2019,32417,0,,0,,
X5,Honda,N984,Negro,2018,49726,0,,0,,
Model S,Audi,A843,Gris,2018,4006,0,,0,,
Corolla,Toyota,B443,Negro,2023,10761,0,,0,,
Mustang,Tesla,Y982,Azul,2022,15915,0,,0,,
Model S,Toyota,Z225,Rojo,2021,18442,0,,0,,
Mustang,Audi,Y415,Azul,2020,11654,0,,0,,
A4,Tesla,X770,Gris,2023,12304,0,,0,,
A4,BMW,V845,Azul,2021,17665,0,,0,,
Mustang,Toyota,T283,Rojo,2020,19008,0,,0,,
X5,Honda,M998,Gris,2022,3581,0,,0,,
A4,Tesla,L872,Gris,2022,8439,0,,0,,
Camry,Toyota,R920,Blanco,2020,13826,0,,0,,
Civic,Tesla,S901,Azul,2019,25702,0,,0,,
X5,Tesla,I287,Rojo,2019,38137,0,,0,,
Model S,Audi,M849,Negro,2019,8752,0,,0,,
Corolla,Audi,B750,Negro,2019,20081,0,,0,,
Accord,Toyota,V451,Rojo,2018,30263,0,,0,,
Mustang,Audi,L888,Negro,2018,23906,0,,0,,
A4,Audi,Y498,Rojo,2020,6042,0,,0,,
Camry,Audi,P622,Blanco,2018,45933,0,,0,,
Corolla,Honda,O574,Blanco,2022,43397,0,,0,,
Corolla,Honda,N667,Blanco,2020,44185,0,,0,,
Corolla,Tesla,E507,Negro,2018,37126,0,,0,,
Camry,Audi,C250,Rojo,2022,8891,0,,0,,
Mustang,Audi,F353,Azul,2018,13354,0,,0,,
Camry,BMW,Q328,Rojo,2021,19124,0,,0,,
Mustang,Ford,V487,Negro,2019,46742,0,,0,,
Model S,Ford,N788,Azul,2022,28027,0,,0,,
Accord,BMW,I410,Blanco,2019,28334,0,,0,,
Camry,Toyota,C143,Rojo,2023,48637,0,,0,,
X5,BMW,C606,Negro,2018,7020,0,,0,,
Camry,Honda,P669,Azul,2018,39294,0,,0,,
Corolla,Ford,G377,Gris,2019,36713,0,,0,,
Accord,Tesla,Z453,Rojo,2022,42401,0,,0,,
Civic,Tesla,M706,Negro,2023,29926,0,,0,,
X5,Toyota,O233,Azul,2020,26514,0,,0,,
X5,Toyota,B335,Azul,2020,34947,0,,0,,
Model S,Honda,N933,Gris,2022,46667,0,,0,,
Model 3,Honda,U467,Azul,2023,10708,0,,0,,
A4,Audi,A386,Rojo,2020,22280,0,,0,,
Accord,BMW,D630,Azul,2022,36398,0,,0,,
Model S,Audi,U953,Negro,2019,24246,0,,0,,
Model 3,Tesla,X894,Blanco,2018,8929,0,,0,,
A4,Honda,P566,Gris,2022,17362,0,,0,,
Accord,Toyota,R473,Azul,2020,34903,0,,0,,
Corolla,Tesla,L917,Blanco,2019,26083,0,,0,,
Corolla,Ford,V186,Gris,2021,35554,0,,0,,
Camry,Toyota,U614,Azul,2019,29535,0,,0,,
Model 3,Toyota,W438,Gris,2023,18492,0,,0,,
Civic,Tesla,O505,Gris,2023,49274,0,,0,,
A4,Tesla,U568,Negro,2021,31325,0,,0,,
Accord,BMW,L604,Negro,2018,12181,0,,0,,
Model S,Toyota,M116,Azul,2022,13706,0,,0,,
Model 3,Honda,P331,Blanco,2021,25396,0,,0,,
X5,Tesla,Y676,Azul,2021,23801,0,,0,,
Civic,Toyota,X517,Blanco,2023,44234,0,,0,,
Model 3,Audi,P780,Azul,2019,46985,0,,0,,
A4,Honda,P470,Negro,2020,35999,0,,0,,
X5,Toyota,O682,Rojo,2023,29364,0,,0,,
Camry,Tesla,H452,Gris,2020,23514,0,,0,,
Model S,Ford,M893,Azul,2019,31064,0,,0,,
Corolla,Tesla,U926,Rojo,2018,42103,0,,0,,
Accord,Tesla,E972,Azul,2019,7337,0,,0,,
Corolla,Honda,J548,Gris,2018,6241,0,,0,,
Mustang,Honda,S710,Negro,2018,28617,0,,0,,
Model S,Tesla,U847,Rojo,2019,39427,0,,0,,
Mustang,BMW,Z478,Negro,2018,37854,0,,0,,
Camry,BMW,C629,Negro,2021,24505,0,,0,,
Model 3,Audi,L568,Azul,2020,43430,0,,0,,
Civic,Tesla,B209,Rojo,2021,11904,0,,0,,
Mustang,Honda,O212,Blanco,2021,3887,0,,0,,
Model 3,Toyota,L311,Azul,2021,46426,0,,0,,
Accord,BMW,N609,Negro,2020,18619,0,,0,,
Camry,Audi,A385,Negro,2021,40036,0,,0,,
Model S,Toyota,B981,Azul,2019,45936,0,,0,,
Civic,Honda,X829,Negro,2018,10644,0,,0,,
Model S,Honda,Z878,Blanco,2021,22642,0,,0,,
A4,Tesla,T860,Rojo,2023,44157,0,,0,,
Model S,BMW,W746,Azul,2023,1529,0,,0,,
A4,Audi,M327,Azul,2020,25073,0,,0,,
A4,Honda,W804,Azul,2018,24557,0,,0,,
Accord,Toyota,C494,Gris,2022,11215,0,,0,,
X5,BMW,E865,Gris,2023,14814,0,,0,,
Civic,Tesla,R760,Amarillo,2019,5117,0,,0,,
Accord,Tesla,F448,Blanco,2023,35457,0,,0,,
Mustang,BMW,L430,Azul,2022,17929,0,,0,,
X5,Toyota,T124,Blanco,2019,4501,0,,0,,
A4,BMW,V640,Azul,2022,17270,0,,0,,
A4,Toyota,Z586,Blanco,2021,46849,0,,0,,
A4,Audi,K386,Gris,2019,6471,0,,0,,
Accord,Ford,H194,Azul,2019,22967,0,,0,,
A4,Tesla,L207,Rojo,2022,8922,0,,0,,
Corolla,Toyota,E183,Negro,2020,30374,0,,0,,
Corolla,Tesla,E170,Rojo,2022,44394,0,,0,,
Accord,Ford,U474,Azul,2018,15735,0,,0,,
Corolla,BMW,U980,Negro,2019,34609,0,,0,,
Mustang,Ford,C435,Blanco,2020,38050,0,,0,,
Model 3,Ford,Q669,Negro,2019,32885,0,,0,,
Model S,Honda,V868,Rojo,2019,33931,0,,0,,
Model 3,Audi,H795,Blanco,2022,5482,0,,0,,
Model S,BMW,S941,Rojo,2020,29828,0,,0,,
Civic,Honda,P457,Gris,2021,40816,0,,0,,
Model S,Tesla,C519,Negro,2018,23265,0,,0,,
Camry,Toyota,Z912,Gris,2023,31160,0,,0,,
Accord,Audi,I588,Rojo,2019,43006,0,,0,,
Mustang,Audi,F812,Azul,2018,12627,0,,0,,
Mustang,Toyota,V657,Azul,2020,16261,0,,0,,
X5,BMW,L624,Gris,2022,44064,0,,0,,
A4,BMW,V225,Blanco,2023,29673,0,,0,,
Mustang,Toyota,T695,Azul,2018,10040,0,,0,,
Model 3,Tesla,P864,Blanco,2022,21531,0,,0,,
Civic,Toyota,R578,Blanco,2021,26933,0,,0,,
Accord,Tesla,L805,Gris,2021,46427,0,,0,,
Model S,Audi,R265,Negro,2020,28229,0,,0,,
Model 3,Audi,T958,Rojo,2022,16909,0,,0,,
Corolla,Audi,H539,Negro,2019,31150,0,,0,,
Mustang,Tesla,K202,Negro,2019,4659,0,,0,,
A4,Honda,I113,Azul,2018,16653,0,,0,,
X5,Tesla,C821,Negro,2023,36116,0,,0,,
Model 3,Audi,H641,Azul,2018,38212,0,,0,,
A4,Tesla,X200,Negro,2020,13768,0,,0,,
Civic,Ford,T754,Blanco,2023,5207,0,,0,,
A4,Tesla,Z844,Rojo,2020,48534,0,,0,,
Model 3,Audi,C377,Gris,2023,24580,0,,0,,
Camry,Ford,K924,Rojo,2022,44483,0,,0,,
Corolla,BMW,V962,Azul,2022,39557,0,,0,,
Corolla,Ford,V150,Azul,2019,30224,0,,0,,
Mustang,Tesla,F943,Rojo,2021,3741,0,,0,,
Camry,Toyota,B305,Gris,2020,30752,0,,0,,
Civic,BMW,V392,Rojo,2023,15740,0,,0,,
A4,Honda,Z810,Negro,2021,1480,0,,0,,
X5,Tesla,S388,Negro,2020,42496,0,,0,,
Accord,Honda,O888,Negro,2019,24997,0,,0,,
Camry,Toyota,Z947,Azul,2020,27282,0,,0,,
A4,Tesla,S704,Rojo,2023,12944,0,,0,,
Civic,Ford,L643,Rojo,2023,30683,0,,0,,
X5,Tesla,Y851,Blanco,2021,5150,0,,0,,
Civic,Toyota,M776,Blanco,2023,42039,0,,0,,
Camry,Honda,T813,Rojo,2019,4757,0,,0,,
A4,Ford,P865,Gris,2019,4072,0,,0,,
A4,Toyota,W569,Blanco,2020,35824,0,,0,,
X5,Audi,X321,Rojo,2020,31082,0,,0,,
Civic,Audi,G878,Gris,2023,25191,0,,0,,
Corolla,Honda,D132,Gris,2023,35954,0,,0,,
Camry,Audi,B534,Azul,2021,31328,0,,0,,
X5,Tesla,N845,Rojo,2019,36079,0,,0,,
Camry,Tesla,R670,Negro,2019,42357,0,,0,,
Corolla,BMW,V234,Blanco,2021,6634,0,,0,,
X5,Honda,E871,Blanco,2021,3584,0,,0,,
X5,BMW,K214,Negro,2022,15826,0,,0,,
Model S,Tesla,P227,Rojo,2020,9599,0,,0,,
Camry,Audi,O131,Blanco,2021,7522,0,,0,,
Model 3,Audi,S175,Gris,2021,3101,0,,0,,
Mustang,BMW,Y372,Azul,2019,38277,0,,0,,
Corolla,Tesla,B992,Rojo,2022,17921,0,,0,,
Accord,Honda,V483,Negro,2019,28236,0,,0,,
X5,Toyota,H730,Negro,2018,12033,0,,0,,
Corolla,Audi,B638,Rojo,2021,41854,0,,0,,
Camry,Tesla,J656,Blanco,2023,39269,0,,0,,
Model 3,Toyota,X974,Azul,2021,25860,0,,0,,
Civic,Ford,B989,Azul,2019,16743,0,,0,,
Mustang,Tesla,S580,Negro,2020,24111,0,,0,,
Accord,Ford,V920,Rojo,2022,47184,0,,0,,
A4,Honda,D661,Rojo,2020,1864,0,,0,,
Camry,Honda,K700,Gris,2023,21629,0,,0,,
Accord,Toyota,S536,Gris,2021,27216,0,,0,,
Mustang,Toyota,D978,Negro,2019,20929,0,,0,,
Mustang,Tesla,I315,Negro,2018,43345,0,,0,,
X5,Honda,D949,Negro,2021,48607,0,,0,,
Model S,Ford,W982,Rojo,2018,32706,0,,0,,
Camry,Audi,C318,Rojo,2020,11003,0,,0,,
A4,BMW,D485,Rojo,2023,16954,0,,0,,
Corolla,BMW,T529,Negro,2020,17436,0,,0,,
Corolla,Audi,K308,Azul,2020,48079,0,,0,,
Camry,Ford,M375,Rojo,2023,47838,0,,0,,
Camry,Toyota,D172,Gris,2023,49573,0,,0,,
A4,Tesla,J214,Azul,2018,36578,0,,0,,
Model S,Toyota,S856,Blanco,2020,2741,0,,0,,
Civic,BMW,H505,Rojo,2019,31253,0,,0,,
Corolla,Audi,P192,Rojo,2022,42861,0,,0,,
X5,Honda,U121,Negro,2020,22859,0,,0,,
Civic,Ford,I257,Gris,2022,15877,0,,0,,
A4,Tesla,P938,Blanco,2021,33996,0,,0,,
Civic,Tesla,D111,Rojo,2022,20366,0,,0,,
Camry,Toyota,C433,Negro,2020,37064,0,,0,,
Model 3,BMW,I146,Gris,2020,11653,0,,0,,
Accord,Ford,D123,Gris,2020,14801,0,,0,,
Corolla,Toyota,N859,Negro,2020,6426,0,,0,,
Corolla,Toyota,C546,Negro,2023,16324,0,,0,,
X5,Ford,W713,Rojo,2018,38531,0,,0,,
Accord,Honda,M655,Azul,2021,1425,0,,0,,
Model 3,Audi,F806,Negro,2018,19895,0,,0,,
X5,Tesla,Z705,Azul,2020,23003,0,,0,,
Camry,Honda,A211,Rojo,2023,18716,0,,0,,
Corolla,Ford,V241,Gris,2018,27125,0,,0,,
A4,Honda,M770,Azul,2019,24767,0,,0,,
Model S,BMW,S253,Blanco,2019,1199,0,,0,,
Corolla,BMW,E296,Azul,2018,5370,0,,0,,
Camry,Honda,Y511,Rojo,2022,20676,0,,0,,
Camry,Tesla,M446,Rojo,2022,5637,0,,0,,
Model S,Tesla,L501,Blanco,2022,43479,0,,0,,
Model 3,Audi,H307,Gris,2018,42437,0,,0,,
X5,Tesla,W459,Gris,2022,32276,0,,0,,
Mustang,Tesla,V276,Blanco,2023,3091,0,,0,,
X5,Audi,O323,Azul,2020,15173,0,,0,,
X5,BMW,Q441,Rojo,2022,40423,0,,0,,
Civic,Honda,M512,Gris,2022,15822,0,,0,,
Accord,Ford,T689,Azul,2018,26618,0,,0,,
A4,BMW,N690,Rojo,2023,48145,0,,0,,
Model 3,Toyota,H389,Rojo,2018,15182,0,,0,,
Accord,Ford,N578,Azul,2022,17565,0,,0,,
Corolla,Tesla,I776,Rojo,2019,30777,0,,0,,
Accord,Toyota,B773,Negro,2022,47916,0,,0,,
Mustang,Ford,Q170,Blanco,2020,28911,0,,0,,
X5,BMW,F429,Blanco,2022,42177,0,,0,,
Model 3,Audi,L523,Negro,2022,1130,0,,0,,
A4,Toyota,Z468,Gris,2020,16912,0,,0,,
Accord,Tesla,A405,Blanco,2019,14175,0,,0,,
A4,Audi,Q341,Azul,2022,22663,0,,0,,
Model S,Toyota,L216,Blanco,2023,3695,0,,0,,
A4,Audi,F478,Gris,2022,5426,0,,0,,
Accord,Ford,J328,Rojo,2022,33238,0,,0,,
Model S,Tesla,Q291,Blanco,2018,6850,0,,0,,
Civic,Ford,H557,Gris,2021,43021,0,,0,,
A4,Honda,G293,Blanco,2018,20997,0,,0,,
Model 3,Ford,U137,Blanco,2021,41728,0,,0,,
Model 3,Honda,R633,Gris,2020,18894,0,,0,,
Model 3,Toyota,Z982,Blanco,2019,9581,0,,0,,
A4,Toyota,F673,Azul,2019,17662,0,,0,,
Model S,Toyota,P846,Negro,2023,15860,0,,0,,
Accord,Honda,R147,Negro,2023,20454,0,,0,,
Camry,Audi,W691,Gris,2018,3719,0,,0,,
Accord,Audi,A776,Rojo,2018,25212,0,,0,,
Mustang,Honda,W759,Rojo,2022,6450,0,,0,,
Mustang,Honda,U883,Gris,2018,4387,0,,0,,
A4,BMW,B316,Negro,2022,41218,0,,0,,
Model S,Ford,W153,Blanco,2018,17844,0,,0,,
Corolla,Tesla,O756,Azul,2020,41468,0,,0,,
Mustang,Honda,R359,Azul,2022,41755,0,,0,,
Civic,Audi,C678,Negro,2020,15166,0,,0,,
Model 3,Honda,G777,Gris,2021,21319,0,,0,,
Corolla,Honda,S527,Gris,2019,48069,0,,0,,
Corolla,Honda,K412,Blanco,2021,17833,0,,0,,
A4,Audi,O321,Gris,2022,40821,0,,0,,
Model S,Tesla,M318,Azul,2023,30880,0,,0,,
Model S,Toyota,S601,Blanco,2019,16278,0,,0,,
Civic,Ford,C333,Rojo,2021,27471,0,,0,,
Corolla,BMW,J168,Blanco,2018,15194,0,,0,,
Model 3,Honda,Y228,Rojo,2022,33709,0,,0,,
Civic,BMW,H917,Azul,2019,25326,0,,0,,
Accord,Toyota,K745,Gris,2021,31999,0,,0,,
Model S,BMW,O583,Blanco,2018,8541,0,,0,,
X5,Honda,F510,Blanco,2023,11784,0,,0,,
Camry,Audi,Z121,Negro,2023,24078,0,,0,,
Mustang,Audi,Y553,Rojo,2018,39536,0,,0,,
Model 3,Ford,U383,Gris,2021,14624,0,,0,,
Corolla,Toyota,L790,Blanco,2020,49846,0,,0,,
Accord,Audi,B782,Negro,2023,8901,0,,0,,
Accord,BMW,T588,Azul,2019,28288,0,,0,,
A4,Audi,L635,Rojo,2021,43834,0,,0,,
A4,Audi,Q678,Blanco,2023,5581,0,,0,,
Corolla,Tesla,K910,Gris,2023,35726,0,,0,,
Mustang,Toyota,P178,Blanco,2023,32871,0,,0,,
Model S,Ford,S885,Blanco,2020,31505,0,,0,,
A4,Honda,B609,Azul,2018,37717,0,,0,,
X5,Tesla,Y418,Azul,2023,22713,0,,0,,
Civic,Audi,N466,Blanco,2019,10869,0,,0,,
Corolla,BMW,R229,Gris,2018,23321,0,,0,,
Accord,Audi,G500,Negro,2023,24630,0,,0,,
Model S,Audi,Z264,Blanco,2022,38547,0,,0,,
Model S,Audi,E807,Rojo,2021,42076,0,,0,,
A4,BMW,F635,Blanco,2022,12957,0,,0,,
Mustang,Audi,Z600,Azul,2022,48346,0,,0,,
Camry,Toyota,C482,Rojo,2019,34014,0,,0,,
A4,Honda,L770,Rojo,2020,42134,0,,0,,
Model 3,Honda,Z928,Azul,2023,27345,0,,0,,
Camry,Tesla,N234,Negro,2021,48220,0,,0,,
X5,BMW,Z966,Rojo,2019,34056,0,,0,,
Model 3,Ford,G150,Azul,2020,10118,0,,0,,
Civic,Ford,C182,Azul,2022,6096,0,,0,,
Camry,BMW,L590,Negro,2020,33663,0,,0,,
Corolla,Honda,E815,Rojo,2021,5368,0,,0,,
Camry,BMW,T854,Gris,2020,11790,0,,0,,
Mustang,Tesla,R316,Negro,2020,42331,0,,0,,
X5,BMW,H365,Negro,2019,29942,0,,0,,
Model S,Audi,T708,Negro,2023,35978,0,,0,,
Camry,Tesla,W449,Gris,2019,40218,0,,0,,
Corolla,Audi,U710,Negro,2021,19497,0,,0,,
Mustang,Toyota,W207,Blanco,2023,17590,0,,0,,
Mustang,Audi,R774,Azul,2022,31265,0,,0,,
Model 3,Tesla,F886,Rojo,2021,46415,0,,0,,
A4,Tesla,G893,Blanco,2018,6379,0,,0,,
Camry,BMW,K541,Negro,2018,13421,0,,0,,
Mustang,BMW,Y706,Negro,2023,47762,0,,0,,
X5,BMW,X105,Rojo,2022,19517,0,,0,,
Model 3,Honda,R246,Negro,2022,30417,0,,0,,
Model S,BMW,W129,Blanco,2023,8922,0,,0,,
Accord,Honda,G837,Negro,2019,45114,0,,0,,
A4,Honda,S800,Negro,2021,36195,0,,0,,
Camry,BMW,V578,Azul,2022,22509,0,,0,,
A4,Honda,Z729,Negro,2019,39482,0,,0,,
X5,Tesla,Z496,Negro,2021,47157,0,,0,,
Corolla,Toyota,I984,Azul,2019,41253,0,,0,,
Model S,Honda,S334,Negro,2018,30264,0,,0,,
Accord,Ford,Z156,Blanco,2022,29848,0,,0,,
Corolla,Ford,K402,Azul,2020,12737,0,,0,,
Model 3,Ford,R727,Gris,2020,36187,0,,0,,
X5,Ford,S798,Rojo,2018,28708,0,,0,,
Corolla,Honda,N506,Azul,2018,13521,0,,0,,
Corolla,Audi,Q245,Gris,2021,22342,0,,0,,
Model 3,Toyota,Y257,Negro,2018,45890,0,,0,,
A4,Ford,Q450,Negro,2023,44746,0,,0,,
Accord,Audi,V322,Negro,2020,17043,0,,0,,
Model 3,Toyota,H869,Azul,2020,9461,0,,0,,
Civic,Toyota,D388,Azul,2023,42358,0,,0,,
Model 3,BMW,L187,Negro,2021,36109,0,,0,,
Corolla,Tesla,F866,Azul,2019,20510,0,,0,,
Corolla,Tesla,Q634,Gris,2021,26480,0,,0,,
Accord,Honda,O994,Azul,2018,37585,0,,0,,
Corolla,Ford,K399,Gris,2021,21266,0,,0,,
Civic,Audi,S939,Azul,2018,11522,0,,0,,
Camry,Toyota,O661,Negro,2023,12211,0,,0,,
Accord,Toyota,K430,Blanco,2018,5532,0,,0,,
Model 3,Audi,N523,Rojo,2019,32258,0,,0,,
Civic,Audi,H199,Negro,2021,26231,0,,0,,
Model 3,Ford,F242,Negro,2022,21894,0,,0,,
Model S,BMW,A321,Gris,2023,16770,0,,0,,
Camry,Tesla,L445,Rojo,2020,13098,0,,0,,
A4,Honda,Z216,Azul,2021,20632,0,,0,,
Model 3,Audi,D467,Negro,2020,43661,0,,0,,
A4,Ford,G947,Gris,2022,30006,0,,0,,
Civic,Tesla,Y843,Azul,2018,33537,0,,0,,
Corolla,Honda,J121,Azul,2021,11039,0,,0,,
Mustang,Toyota,Y264,Rojo,2020,48861,0,,0,,
Model S,BMW,A238,Negro,2020,25252,0,,0,,
Camry,Tesla,I457,Azul,2022,22120,0,,0,,
X5,Audi,Y961,Gris,2019,21842,0,,0,,
Mustang,Tesla,J829,Negro,2022,8265,0,,0,,
Mustang,Audi,O892,Gris,2018,8698,0,,0,,
Mustang,Honda,L119,Negro,2023,46283,0,,0,,
Civic,Audi,Y671,Azul,2023,2167,0,,0,,
Camry,Audi,X239,Rojo,2020,10320,0,,0,,
Model 3,Tesla,X749,Rojo,2019,37687,0,,0,,
X5,Ford,K214,Blanco,2022,10881,0,,0,,
Corolla,Audi,L117,Gris,2021,20207,0,,0,,
Camry,Ford,B968,Blanco,2023,37542,0,,0,,
Accord,Ford,Q190,Azul,2019,35100,0,,0,,
A4,Ford,H108,Azul,2019,5914,0,,0,,
X5,Audi,V897,Gris,2020,33445,0,,0,,
A4,BMW,A885,Azul,2019,27985,0,,0,,
Camry,Ford,B188,Blanco,2018,47738,0,,0,,
Accord,Audi,V725,Negro,2019,44899,0,,0,,
Civic,Audi,M367,Gris,2018,30717,0,,0,,
X5,Honda,G534,Rojo,2023,27479,0,,0,,
Model 3,BMW,I364,Blanco,2022,25978,0,,0,,
Mustang,BMW,L759,Azul,2019,24468,0,,0,,
Accord,Honda,R851,Negro,2020,38049,0,,0,,
Model S,Ford,U766,Blanco,2020,39402,0,,0,,
Camry,Ford,U887,Rojo,2018,2474,0,,0,,
Model 3,Honda,E763,Blanco,2023,15647,0,,0,,
Model 3,Honda,L395,Gris,2020,20023,0,,0,,
Model 3,Honda,M170,Gris,2022,10466,0,,0,,
A4,Toyota,U577,Gris,2023,1406,0,,0,,
Model 3,Honda,K415,Gris,2023,28060,0,,0,,
Model S,Toyota,J785,Blanco,2020,41193,0,,0,,
Model 3,Ford,I393,Negro,2022,35970,0,,0,,
Model 3,Ford,H989,Gris,2020,42338,0,,0,,
A4,Toyota,B829,Rojo,2022,14042,0,,0,,
Model 3,Audi,S404,Azul,2019,20283,0,,0,,
Corolla,BMW,W787,Blanco,2020,1042,0,,0,,
Model S,BMW,P439,Negro,2023,16278,0,,0,,
Corolla,Tesla,R715,Azul,2023,47773,0,,0,,
Corolla,Ford,P162,Rojo,2023,43696,0,,0,,
X5,Toyota,E781,Negro,2018,28595,0,,0,,
Accord,Tesla,G452,Negro,2022,13989,0,,0,,
Model S,Audi,L104,Rojo,2019,47885,0,,0,,
Corolla,BMW,J237,Negro,2018,33053,0,,0,,
Model S,Tesla,Y155,Gris,2018,28635,0,,0,,
X5,Audi,U630,Gris,2019,7281,0,,0,,
A4,BMW,E923,Negro,2018,47731,0,,0,,
A4,BMW,C673,Negro,2018,44015,0,,0,,
X5,Toyota,N337,Negro,2018,7334,0,,0,,
Mustang,Audi,E887,Negro,2019,46419,0,,0,,
Accord,Tesla,B634,Rojo,2023,22829,0,,0,,
Civic,Ford,W939,Gris,2022,41869,0,,0,,
Model S,Tesla,I695,Blanco,2018,40672,0,,0,,
Model 3,Tesla,Y295,Gris,2021,14388,0,,0,,
Corolla,BMW,F255,Negro,2023,38195,0,,0,,
Corolla,Toyota,T490,Negro,2019,7834,0,,0,,
A4,BMW,E683,Azul,2021,28421,0,,0,,
Model 3,Toyota,P927,Gris,2018,35522,0,,0,,
A4,BMW,A476,Azul,2018,20828,0,,0,,
Corolla,BMW,F869,Rojo,2022,8656,0,,0,,
Accord,Ford,B677,Blanco,2019,44854,0,,0,,
A4,Audi,K296,Blanco,2022,5594,0,,0,,
Mustang,Ford,N705,Blanco,2021,41286,0,,0,,
Accord,Ford,H420,Gris,2022,2967,0,,0,,
Corolla,BMW,L556,Negro,2022,34583,0,,0,,
Mustang,Honda,J431,Blanco,2019,1750,0,,0,,
Corolla,BMW,Q922,Blanco,2021,32523,0,,0,,
Model 3,Tesla,P260,Blanco,2022,37037,0,,0,,
A4,BMW,S782,Negro,2022,47198,0,,0,,
Camry,Honda,W594,Blanco,2019,1080,0,,0,,
Camry,Tesla,S253,Azul,2019,7031,0,,0,,
Mustang,Audi,O137,Negro,2018,24682,0,,0,,
Model 3,Toyota,C558,Negro,2019,5055,0,,0,,
Model S,Audi,E256,Blanco,2020,36317,0,,0,,
X5,Tesla,H216,Rojo,2022,39582,0,,0,,
Accord,Toyota,I755,Gris,2021,41726,0,,0,,
Mustang,Ford,C507,Gris,2020,36458,0,,0,,
X5,BMW,R657,Negro,2021,9329,0,,0,,
Camry,Tesla,N464,Blanco,2023,9122,0,,0,,
Accord,Honda,V780,Negro,2022,8657,0,,0,,
Civic,Tesla,E442,Gris,2021,10902,0,,0,,
X5,Ford,I735,Azul,2018,25227,0,,0,,
Model 3,Honda,D804,Azul,2018,38049,0,,0,,
A4,BMW,Z327,Azul,2022,25233,0,,0,,
Civic,Ford,S849,Rojo,2023,47369,0,,0,,
Camry,Tesla,K254,Gris,2019,30661,0,,0,,
Mustang,Ford,T854,Negro,2021,43272,0,,0,,
Accord,Audi,K455,Rojo,2019,25226,0,,0,,
Civic,Tesla,A602,Rojo,2021,28883,0,,0,,
Model S,Ford,A665,Negro,2018,20973,0,,0,,
X5,Audi,A852,Rojo,2023,8301,0,,0,,
Model S,Ford,K549,Azul,2018,26420,0,,0,,
Model S,Honda,T149,Gris,2023,49262,0,,0,,
Corolla,BMW,G438,Gris,2020,16562,0,,0,,
Camry,Audi,D641,Gris,2022,15929,0,,0,,
Model 3,Toyota,S133,Blanco,2022,13604,0,,0,,
Model S,Honda,S411,Rojo,2019,1908,0,,0,,
Camry,Tesla,P373,Blanco,2020,36047,0,,0,,
Corolla,Tesla,C947,Azul,2018,28320,0,,0,,
Accord,BMW,A292,Rojo,2021,22146,0,,0,,
Model 3,Audi,Z689,Rojo,2019,25247,0,,0,,
Corolla,Audi,E662,Rojo,2020,16993,0,,0,,
Civic,BMW,A560,Negro,2020,35379,0,,0,,
Model S,Ford,Z581,Blanco,2020,32661,0,,0,,
Camry,Toyota,Q207,Azul,2019,42697,0,,0,,
Mustang,Audi,G793,Blanco,2020,6454,0,,0,,
Accord,Toyota,I373,Azul,2023,16688,0,,0,,
Corolla,Tesla,S237,Azul,2022,37892,0,,0,,
Accord,BMW,U946,Rojo,2021,49607,0,,0,,
Model 3,Audi,E549,Negro,2023,20408,0,,0,,
X5,Toyota,M391,Negro,2021,19710,0,,0,,
Camry,Audi,Z254,Azul,2023,1245,0,,0,,
A4,Tesla,J765,Blanco,2022,12169,0,,0,,
Corolla,Audi,G234,Gris,2021,12295,0,,0,,
Mustang,Ford,T913,Rojo,2020,18202,0,,0,,
Camry,Honda,Z753,Gris,2022,47763,0,,0,,
Model S,Audi,M390,Blanco,2021,2908,0,,0,,
Civic,BMW,F252,Negro,2020,17621,0,,0,,
Corolla,Tesla,O420,Azul,2022,15559,0,,0,,
Accord,Ford,G209,Gris,2022,4337,0,,0,,
Accord,Ford,A226,Azul,2021,14455,0,,0,,
X5,Honda,Q469,Azul,2018,45456,0,,0,,
Camry,Toyota,L628,Negro,2022,15098,0,,0,,
A4,Audi,E968,Rojo,2018,8544,0,,0,,
Camry,Tesla,V659,Azul,2022,8621,0,,0,,
Mustang,Toyota,B447,Blanco,2023,23424,0,,0,,
X5,Tesla,L177,Gris,2019,32642,0,,0,,
Accord,BMW,U673,Blanco,2022,7094,0,,0,,
Corolla,BMW,N874,Azul,2022,3507,0,,0,,
Corolla,Tesla,W790,Blanco,2019,13255,0,,0,,
Model 3,Tesla,Q616,Gris,2020,3908,0,,0,,
Model S,BMW,M711,Azul,2023,36863,0,,0,,
Accord,Tesla,V151,Negro,2020,19334,0,,0,,
Camry,Ford,Y204,Negro,2020,12812,0,,0,,
Model 3,Tesla,J255,Blanco,2019,2283,0,,0,,
X5,BMW,D326,Negro,2023,22653,0,,0,,
Camry,Ford,U772,Gris,2019,46291,0,,0,,
X5,Honda,D631,Blanco,2018,41707,0,,0,,
Mustang,Audi,I166,Rojo,2022,43353,0,,0,,
Civic,Tesla,X600,Azul,2018,38017,0,,0,,
Model 3,Ford,Y750,Rojo,2022,45784,0,,0,,
X5,Ford,K318,Azul,2018,9284,0,,0,,
Mustang,Ford,X805,Blanco,2019,8521,0,,0,,
Accord,Honda,J802,Negro,2018,39616,0,,0,,
X5,Tesla,X585,Blanco,2022,12775,0,,0,,
Accord,Toyota,H356,Azul,2021,38646,0,,0,,
Camry,Ford,P570,Azul,2020,23839,0,,0,,
Corolla,BMW,E895,Azul,2019,30634,0,,0,,
Mustang,Tesla,R609,Gris,2023,6612,0,,0,,
A4,Toyota,I823,Gris,2023,48656,0,,0,,
Model 3,Ford,R362,Azul,2018,48487,0,,0,,
X5,BMW,A104,Blanco,2023,30653,0,,0,,
X5,Toyota,H938,Gris,2020,26636,0,,0,,
Civic,BMW,B269,Rojo,2019,2924,0,,0,,
Mustang,Audi,Z430,Blanco,2023,1540,0,,0,,
A4,Toyota,M262,Negro,2022,47147,0,,0,,
Accord,Toyota,B357,Blanco,2019,1027,0,,0,,
X5,Tesla,L885,Blanco,2020,37702,0,,0,,
Model S,Tesla,D678,Azul,2018,43063,0,,0,,
Civic,BMW,D754,Gris,2021,2191,0,,0,,
Civic,BMW,D581,Azul,2023,27163,0,,0,,
X5,BMW,W768,Blanco,2019,41920,0,,0,,
X5,Honda,W991,Gris,2019,14579,0,,0,,
Civic,Honda,P549,Gris,2020,48856,0,,0,,
Corolla,Audi,Q877,Rojo,2018,31384,0,,0,,
Mustang,Toyota,J167,Negro,2018,36366,0,,0,,
A4,Tesla,K972,Azul,2018,18091,0,,0,,
Civic,Toyota,S199,Blanco,2019,32492,0,,0,,
Model S,Honda,B494,Rojo,2020,30586,0,,0,,
Accord,Audi,L849,Negro,2018,6995,0,,0,,
Model S,BMW,Z414,Gris,2022,26120,0,,0,,
Mustang,Tesla,Q196,Rojo,2023,33936,0,,0,,
Camry,Honda,K359,Gris,2021,11776,0,,0,,
Camry,Ford,J569,Negro,2019,32536,0,,0,,
Accord,Audi,P387,Gris,2018,43809,0,,0,,
X5,BMW,C349,Gris,2020,32647,0,,0,,
Civic,Tesla,V591,Blanco,2023,13980,0,,0,,
Model S,Tesla,C865,Azul,2020,18127,0,,0,,
Mustang,Honda,B310,Gris,2020,7645,0,,0,,
Model S,BMW,T336,Blanco,2018,32658,0,,0,,
Civic,BMW,J894,Rojo,2021,48036,0,,0,,
Camry,Audi,I941,Rojo,2019,1648,0,,0,,
Model 3,Tesla,M971,Gris,2023,35522,0,,0,,
Camry,Tesla,G453,Azul,2022,2658,0,,0,,
Model 3,Audi,U935,Negro,2020,1640,0,,0,,
Corolla,Tesla,R602,Negro,2019,15560,0,,0,,
Model 3,BMW,N544,Rojo,2019,26171,0,,0,,
Mustang,Ford,B571,Blanco,2021,17653,0,,0,,
Mustang,Toyota,M882,Blanco,2023,28669,0,,0,,
Corolla,Ford,Z366,Negro,2021,43438,0,,0,,
X5,Honda,B696,Gris,2023,22876,0,,0,,
Mustang,Honda,O130,Negro,2022,24880,0,,0,,
Camry,Audi,E288,Gris,2021,22887,0,,0,,
Mustang,Toyota,R334,Rojo,2019,5196,0,,0,,
Model S,Audi,J256,Negro,2021,28001,0,,0,,
Model S,Toyota,A381,Gris,2018,42498,0,,0,,
Accord,Honda,D513,Rojo,2020,40615,0,,0,,
Model 3,Honda,D819,Blanco,2019,9172,0,,0,,
X5,Toyota,C890,Gris,2019,7820,0,,0,,
Accord,BMW,L166,Gris,2022,6515,0,,0,,
Corolla,Toyota,N837,Blanco,2019,13872,0,,0,,
Camry,Ford,N804,Blanco,2018,23861,0,,0,,
Mustang,Tesla,N111,Azul,2022,28460,0,,0,,
Model 3,Ford,N332,Gris,2021,36160,0,,0,,
Accord,Tesla,N712,Azul,2022,31828,0,,0,,
Mustang,BMW,C468,Blanco,2020,10528,0,,0,,
A4,Honda,B777,Rojo,2018,24937,0,,0,,
Corolla,Tesla,Z422,Azul,2023,6348,0,,0,,
Model S,Ford,M673,Negro,2022,41219,0,,0,,
A4,Ford,E790,Rojo,2023,39277,0,,0,,
Corolla,BMW,B858,Rojo,2020,6412,0,,0,,
Mustang,Toyota,K845,Blanco,2019,46858,0,,0,,
A4,Ford,D111,Azul,2023,47399,0,,0,,
X5,Tesla,Z219,Blanco,2022,14307,0,,0,,
Civic,Honda,U662,Negro,2023,36529,0,,0,,
Model S,Audi,L503,Rojo,2019,4736,0,,0,,
A4,Ford,W893,Blanco,2018,31847,0,,0,,
Corolla,Tesla,G277,Gris,2021,41396,0,,0,,
Model S,Audi,E574,Rojo,2018,9269,0,,0,,
Model S,Honda,O797,Gris,2023,27766,0,,0,,
Camry,Honda,Q273,Gris,2021,10058,0,,0,,
Accord,Tesla,F278,Azul,2019,25325,0,,0,,
Accord,BMW,F387,Rojo,2022,21819,0,,0,,
Corolla,Ford,S518,Gris,2022,10313,0,,0,,
A4,Honda,Y159,Rojo,2023,14768,0,,0,,
Camry,Audi,W308,Blanco,2020,9920,0,,0,,
Civic,BMW,Z558,Gris,2022,21985,0,,0,,
A4,Ford,O777,Azul,2020,37050,0,,0,,
Accord,Toyota,B799,Negro,2018,15593,0,,0,,
Camry,Audi,V550,Rojo,2018,36280,0,,0,,
Model 3,Toyota,D123,Gris,2018,16593,0,,0,,
Model S,Ford,T973,Blanco,2023,36828,0,,0,,
Accord,Honda,U729,Gris,2018,34038,0,,0,,
Mustang,Toyota,X788,Rojo,2018,35378,0,,0,,
Model S,Honda,S672,Gris,2023,37388,0,,0,,
Accord,Ford,T746,Blanco,2021,27406,0,,0,,
A4,BMW,F876,Negro,2018,3871,0,,0,,
A4,Toyota,Y534,Gris,2022,29839,0,,0,,
Model S,BMW,R965,Blanco,2019,23836,0,,0,,
X5,Tesla,Z809,Blanco,2020,5683,0,,0,,
X5,Audi,E403,Azul,2021,18521,0,,0,,
Model 3,Audi,H266,Azul,2019,15394,0,,0,,
Civic,BMW,W228,Blanco,2022,31030,0,,0,,
Model S,Audi,K966,Rojo,2021,41122,0,,0,,
X5,Ford,N919,Blanco,2023,21165,0,,0,,
A4,Ford,X115,Negro,2020,42848,0,,0,,
Corolla,Toyota,Z876,Negro,2021,29204,0,,0,,
Model S,Toyota,R285,Azul,2023,41652,0,,0,,
Corolla,Ford,T831,Rojo,2019,49366,0,,0,,
Corolla,Audi,S663,Gris,2022,47734,0,,0,,
Mustang,Ford,F567,Blanco,2021,18905,0,,0,,
Mustang,Ford,O231,Rojo,2018,20315,0,,0,,
Camry,BMW,P878,Blanco,2018,22093,0,,0,,
Camry,BMW,Y585,Azul,2022,34737,0,,0,,
Model 3,Honda,M710,Rojo,2018,39419,0,,0,,
Model 3,Tesla,L870,Negro,2019,43506,0,,0,,
A4,BMW,B364,Blanco,2018,42684,0,,0,,
A4,Audi,F102,Gris,2019,28175,0,,0,,
Camry,Audi,X340,Gris,2019,31293,0,,0,,
Mustang,Honda,U950,Gris,2023,7298,0,,0,,
Mustang,Toyota,P409,Blanco,2022,18272,0,,0,,
Mustang,Tesla,O905,Rojo,2022,21554,0,,0,,
Camry,Toyota,N209,Gris,2021,49609,0,,0,,
Model 3,Honda,S637,Negro,2018,17224,0,,0,,
Accord,Honda,V210,Blanco,2022,27310,0,,0,,
Model S,Tesla,V858,Negro,2022,33402,0,,0,,
Model 3,Toyota,R679,Azul,2023,29024,0,,0,,
Model S,Audi,S119,Blanco,2020,9572,0,,0,,
Model 3,Honda,U535,Azul,2018,44834,0,,0,,
Mustang,Tesla,J185,Blanco,2018,2565,0,,0,,
Civic,Honda,F148,Negro,2023,38148,0,,0,,
Civic,Honda,J980,Gris,2021,27743,0,,0,,
X5,Tesla,D621,Gris,2019,40908,0,,0,,
Model 3,Audi,S442,Gris,2023,24025,0,,0,,
Model 3,Audi,T658,Blanco,2022,19255,0,,0,,
Corolla,Toyota,J635,Gris,2023,3441,0,,0,,
Model 3,Audi,W683,Azul,2018,10580,0,,0,,
Corolla,Ford,I328,Negro,2018,44519,0,,0,,
Model S,Toyota,D115,Blanco,2023,41462,0,,0,,
Model 3,Ford,X920,Blanco,2019,4156,0,,0,,
A4,Honda,P410,Rojo,2023,26464,0,,0,,
Model S,BMW,Z935,Blanco,2021,43821,0,,0,,
Civic,Ford,P343,Rojo,2021,12564,0,,0,,
Model 3,Tesla,U315,Rojo,2022,29677,0,,0,,
A4,Ford,S761,Rojo,2021,29786,0,,0,,
X5,Ford,E720,Negro,2021,21883,0,,0,,
A4,Audi,T475,Rojo,2020,44156,0,,0,,
Civic,BMW,Z254,Gris,2022,41726,0,,0,,
Mustang,Toyota,J717,Blanco,2023,43348,0,,0,,
Accord,Honda,J380,Blanco,2021,32125,0,,0,,
Mustang,BMW,Q201,Gris,2023,25386,0,,0,,
Corolla,Tesla,U683,Gris,2020,26102,0,,0,,
Model 3,Toyota,D388,Blanco,2023,21767,0,,0,,
Corolla,Honda,O155,Negro,2021,38816,0,,0,,
Civic,BMW,G817,Azul,2022,6240,0,,0,,
Model 3,Honda,E390,Gris,2018,17963,0,,0,,
Mustang,Toyota,E404,Negro,2021,37500,0,,0,,
A4,Audi,K956,Blanco,2023,38842,0,,0,,
Model S,Audi,O827,Gris,2022,42708,0,,0,,
Civic,Toyota,H564,Azul,2021,22270,0,,0,,
X5,Tesla,S710,Rojo,2021,41733,0,,0,,
Camry,Audi,S830,Azul,2020,33625,0,,0,,
Model 3,Ford,F101,Blanco,2020,42105,0,,0,,
Civic,Honda,P297,Rojo,2020,5542,0,,0,,
Model S,BMW,V194,Gris,2019,2350,0,,0,,
Camry,Audi,A300,Rojo,2023,23394,0,,0,,
Accord,Honda,W467,Gris,2018,26475,0,,0,,
Model 3,Tesla,R765,Rojo,2023,9991,0,,0,,
Model 3,Audi,D444,Azul,2019,5307,0,,0,,
Accord,Ford,N919,Blanco,2021,29534,0,,0,,
Camry,Audi,R819,Gris,2019,17540,0,,0,,
Model S,Ford,D266,Gris,2019,33907,0,,0,,
Model 3,BMW,Z765,Azul,2020,20041,0,,0,,
Model S,Ford,J761,Gris,2020,24761,0,,0,,
Model S,Toyota,R360,Rojo,2021,28115,0,,0,,
Camry,Honda,H630,Blanco,2023,24171,0,,0,,
Accord,Audi,V188,Negro,2022,35573,0,,0,,
Mustang,Tesla,E289,Negro,2019,16892,0,,0,,
Model 3,BMW,K801,Azul,2020,14155,0,,0,,
A4,Tesla,G732,Azul,2021,30656,0,,0,,
A4,BMW,H350,Rojo,2021,44783,0,,0,,
Mustang,Audi,T416,Negro,2021,37503,0,,0,,
Mustang,Audi,D140,Azul,2022,18410,0,,0,,
Civic,Ford,S462,Gris,2023,38366,0,,0,,
X5,Tesla,Q541,Azul,2019,49137,0,,0,,
A4,Toyota,X185,Blanco,2020,6591,0,,0,,
Corolla,Tesla,I843,Negro,2020,26223,0,,0,,
Accord,Toyota,B382,Blanco,2020,44137,0,,0,,
Civic,Audi,F629,Rojo,2022,43224,0,,0,,
Mustang,BMW,Q144,Blanco,2021,14654,0,,0,,
X5,Honda,E361,Gris,2021,42029,0,,0,,
Model S,Honda,L526,Negro,2021,32962,0,,0,,
Mustang,BMW,A816,Negro,2023,18240,0,,0,,
A4,BMW,C763,Gris,2019,21632,0,,0,,
Civic,Ford,R638,Blanco,2020,43516,0,,0,,
Model 3,Ford,F877,Blanco,2022,28230,0,,0,,
A4,Toyota,E582,Negro,2022,32528,0,,0,,
Model 3,Toyota,X441,Blanco,2022,48879,0,,0,,
Mustang,Toyota,K177,Rojo,2020,8535,0,,0,,
A4,Tesla,P246,Rojo,2020,19700,0,,0,,
A4,Audi,S832,Negro,2023,40916,0,,0,,
Mustang,Toyota,C685,Rojo,2019,9050,0,,0,,
Accord,Audi,B271,Negro,2023,44822,0,,0,,
Civic,Ford,U222,Azul,2020,33245,0,,0,,
X5,Tesla,T942,Blanco,2022,27897,0,,0,,
Accord,Toyota,L359,Rojo,2020,22938,0,,0,,
Model S,Ford,G159,Blanco,2020,14653,0,,0,,
X5,Audi,Q556,Blanco,2023,44369,0,,0,,
Camry,Toyota,T155,Gris,2023,3554,0,,0,,
Model 3,Audi,K977,Negro,2019,4222,0,,0,,
Civic,Audi,D303,Blanco,2021,8265,0,,0,,
Camry,Ford,U618,Rojo,2021,23164,0,,0,,
Accord,Honda,K944,Azul,2021,39100,0,,0,,
Civic,Audi,Z609,Azul,2019,13174,0,,0,,
Camry,Honda,R803,Blanco,2022,36724,0,,0,,
Accord,Toyota,K893,Blanco,2023,46772,0,,0,,
Accord,Honda,H274,Gris,2021,23024,0,,0,,
A4,Audi,J483,Blanco,2023,3112,0,,0,,
Corolla,Ford,I578,Gris,2021,20445,0,,0,,
Model 3,Ford,S975,Gris,2022,24282,0,,0,,
Model 3,Toyota,S726,Gris,2020,44814,0,,0,,
Model 3,BMW,U154,Blanco,2021,10933,0,,0,,
A4,Honda,W993,Negro,2022,21914,0,,0,,
Camry,Honda,F295,Rojo,2019,18475,0,,0,,
Model 3,Honda,I190,Azul,2019,14700,0,,0,,
X5,BMW,L872,Azul,2018,42924,0,,0,,
Mustang,Ford,Z756,Azul,2020,28871,0,,0,,
Camry,Tesla,C418,Gris,2018,30636,0,,0,,
Camry,Tesla,B456,Rojo,2023,9960,0,,0,,
Model 3,Toyota,Y912,Azul,2021,8265,0,,0,,
A4,Audi,G793,Negro,2021,34993,0,,0,,
Model 3,Honda,Q452,Gris,2022,28474,0,,0,,
A4,Toyota,X587,Negro,2018,42215,0,,0,,
Camry,Ford,Y274,Azul,2023,4581,0,,0,,
Model S,Toyota,N467,Negro,2023,47158,0,,0,,
Civic,Toyota,D723,Rojo,2022,44123,0,,0,,
Mustang,Ford,B276,Gris,2020,48585,0,,0,,
Accord,Ford,G464,Azul,2022,16823,0,,0,,
Model 3,Honda,W851,Blanco,2022,35763,0,,0,,
Model 3,Tesla,M508,Rojo,2022,8281,0,,0,,
Model S,Honda,A245,Negro,2019,24485,0,,0,,
Model 3,Honda,D135,Gris,2018,1681,0,,0,,
Mustang,Toyota,Y619,Negro,2022,11499,0,,0,,
Camry,Toyota,L860,Azul,2019,26997,0,,0,,
A4,Ford,W449,Gris,2019,15931,0,,0,,
Accord,Toyota,G873,Negro,2021,40657,0,,0,,
A4,Audi,Z289,Azul,2022,18263,0,,0,,
Civic,Tesla,U804,Blanco,2022,35081,0,,0,,
A4,BMW,W189,Gris,2019,44923,0,,0,,
Camry,Honda,G912,Gris,2022,4082,0,,0,,
Corolla,Honda,T904,Gris,2019,43735,0,,0,,
Model 3,Honda,W597,Rojo,2020,33320,0,,0,,
Accord,Audi,R663,Rojo,2018,7381,0,,0,,
A4,BMW,Y518,Negro,2021,14176,0,,0,,
Corolla,Toyota,S184,Azul,2022,7898,0,,0,,
A4,BMW,H947,Gris,2023,35295,0,,0,,
Mustang,Tesla,X329,Gris,2020,1814,0,,0,,
Civic,Audi,L898,Negro,2019,28081,0,,0,,
Model S,Tesla,Z436,Gris,2021,7253,0,,0,,
Camry,Honda,D763,Gris,2018,10954,0,,0,,
A4,Toyota,O130,Negro,2018,35396,0,,0,,
X5,Ford,G689,Negro,2019,4560,0,,0,,
Model S,Toyota,J882,Gris,2022,34038,0,,0,,
Camry,Tesla,T182,Negro,2018,43803,0,,0,,
Camry,Audi,F736,Azul,2023,18631,0,,0,,
Mustang,Honda,N211,Negro,2020,42181,0,,0,,
Civic,Toyota,H927,Gris,2019,19653,0,,0,,
Model 3,BMW,Y972,Blanco,2020,42261,0,,0,,
Corolla,Toyota,P169,Negro,2021,46491,0,,0,,
Mustang,Ford,L865,Blanco,2022,41731,0,,0,,
Model 3,Ford,F384,Rojo,2020,49440,0,,0,,
X5,Tesla,V225,Gris,2019,20173,0,,0,,
Model S,Tesla,C391,Azul,2018,32096,0,,0,,
X5,Tesla,S823,Azul,2021,37061,0,,0,,
Corolla,Ford,B673,Azul,2023,10691,0,,0,,
X5,Ford,Z470,Rojo,2022,43950,0,,0,,
Accord,Audi,L842,Azul,2018,28414,0,,0,,
Civic,Ford,Q888,Rojo,2023,29603,0,,0,,
Camry,Tesla,A575,Negro,2020,48633,0,,0,,
Camry,Honda,B135,Azul,2019,36591,0,,0,,
Model 3,Ford,P957,Blanco,2021,36770,0,,0,,
Corolla,BMW,E819,Azul,2018,13006,0,,0,,
Corolla,Ford,M910,Azul,2021,40034,0,,0,,
Accord,Ford,X146,Azul,2020,15517,0,,0,,
Civic,Ford,M406,Blanco,2020,27564,0,,0,,
Civic,Honda,F257,Rojo,2022,6110,0,,0,,
Civic,Audi,E418,Rojo,2019,7054,0,,0,,
Model 3,Honda,K899,Blanco,2023,6494,0,,0,,
X5,Ford,F953,Negro,2019,43626,0,,0,,
Camry,Audi,E716,Blanco,2019,13748,0,,0,,
X5,Audi,I861,Gris,2021,36699,0,,0,,
Civic,Ford,H503,Blanco,2022,45639,0,,0,,
A4,Toyota,R805,Gris,2020,10862,0,,0,,
Civic,BMW,I125,Blanco,2020,15041,0,,0,,
Model 3,Tesla,X213,Negro,2018,1610,0,,0,,
Accord,Ford,V452,Negro,2021,35280,0,,0,,
Camry,Ford,V340,Negro,2019,26242,0,,0,,
A4,Honda,G858,Azul,2021,39902,0,,0,,
Model 3,Audi,K827,Azul,2021,32854,0,,0,,
Corolla,Toyota,F724,Azul,2018,18907,0,,0,,
Model 3,Audi,F987,Negro,2018,39107,0,,0,,
A4,Audi,A381,Negro,2018,39011,0,,0,,
Model S,Ford,J217,Blanco,2019,13836,0,,0,,
Model 3,Toyota,V166,Gris,2023,40692,0,,0,,
X5,Tesla,G177,Negro,2020,45719,0,,0,,
Camry,Honda,U861,Gris,2018,37695,0,,0,,
Model 3,BMW,M834,Azul,2022,37169,0,,0,,
Accord,Toyota,T599,Blanco,2019,45018,0,,0,,
A4,Honda,I294,Azul,2021,27316,0,,0,,
X5,Audi,I207,Rojo,2022,24175,0,,0,,
Model 3,BMW,B743,Rojo,2023,32895,0,,0,,
Model 3,Toyota,F670,Blanco,2023,13021,0,,0,,
Model 3,Tesla,L212,Rojo,2019,28156,0,,0,,
Model S,Tesla,B207,Gris,2019,11066,0,,0,,
X5,Tesla,I922,Negro,2020,9352,0,,0,,
A4,Ford,V639,Negro,2018,8944,0,,0,,
Accord,Honda,E954,Gris,2019,21042,0,,0,,
Model S,Tesla,I728,Blanco,2018,22850,0,,0,,
Accord,Audi,A747,Azul,2021,24588,0,,0,,
Model 3,Toyota,S905,Blanco,2020,4871,0,,0,,
Civic,Tesla,E424,Negro,2023,21680,0,,0,,
X5,BMW,T153,Negro,2022,22600,0,,0,,
Mustang,BMW,G687,Azul,2022,28729,0,,0,,
A4,BMW,K399,Gris,2022,34192,0,,0,,
X5,BMW,H377,Gris,2021,11860,0,,0,,
Civic,Audi,J860,Azul,2022,10807,0,,0,,
Camry,Ford,L634,Gris,2023,26948,0,,0,,
X5,Audi,A447,Azul,2021,2618,0,,0,,
Mustang,Audi,K720,Gris,2019,13956,0,,0,,
Model S,Honda,J315,Rojo,2023,22983,0,,0,,
Mustang,Honda,I377,Azul,2021,2808,0,,0,,
A4,Honda,I927,Azul,2018,12572,0,,0,,
Civic,Honda,E615,Negro,2023,49451,0,,0,,
Camry,Ford,P215,Blanco,2020,15900,0,,0,,
Civic,Honda,C175,Blanco,2021,30981,0,,0,,
A4,Honda,G461,Negro,2018,27094,0,,0,,
Mustang,BMW,V515,Negro,2023,29300,0,,0,,
Model 3,Honda,V513,Negro,2023,19055,0,,0,,
Corolla,Audi,F699,Azul,2021,42782,0,,0,,
Accord,BMW,Z146,Gris,2023,11148,0,,0,,
Camry,Audi,F451,Azul,2023,30842,0,,0,,
Corolla,Honda,F592,Rojo,2018,28031,0,,0,,
Camry,BMW,B153,Azul,2020,46885,0,,0,,
Corolla,Honda,C997,Azul,2021,7772,0,,0,,
Corolla,Tesla,I997,Azul,2020,49519,0,,0,,
Civic,Ford,M935,Negro,2023,42686,0,,0,,
Corolla,Honda,P390,Gris,2023,26405,0,,0,,
Camry,Toyota,G948,Blanco,2018,30669,0,,0,,
Civic,Tesla,L233,Rojo,2020,8528,0,,0,,
Corolla,Toyota,R330,Azul,2018,4774,0,,0,,
Model S,Honda,S500,Gris,2018,38883,0,,0,,
Model S,Toyota,W534,Gris,2023,38852,0,,0,,
Model 3,BMW,C173,Blanco,2018,15775,0,,0,,
Model 3,Audi,T392,Gris,2022,31350,0,,0,,
Camry,Ford,Q825,Negro,2018,10485,0,,0,,
A4,Ford,G694,Gris,2019,31030,0,,0,,
Mustang,Honda,M311,Blanco,2019,37007,0,,0,,
Mustang,Tesla,A470,Gris,2020,12340,0,,0,,
Mustang,Audi,P588,Gris,2021,13009,0,,0,,
Model 3,Honda,G125,Rojo,2019,36861,0,,0,,
Model 3,Toyota,L656,Rojo,2019,23794,0,,0,,
Model 3,Audi,M683,Negro,2020,41987,0,,0,,
X5,Ford,D262,Rojo,2022,15872,0,,0,,
Civic,BMW,S831,Blanco,2020,38367,0,,0,,
Camry,Ford,L886,Gris,2020,24456,0,,0,,
A4,BMW,V310,Rojo,2021,20658,0,,0,,
Civic,Audi,R731,Blanco,2018,34877,0,,0,,
Accord,Toyota,V173,Rojo,2023,2448,0,,0,,
Accord,Ford,P929,Blanco,2022,25516,0,,0,,
Model 3,Tesla,S543,Azul,2020,25469,0,,0,,
Corolla,Tesla,L660,Rojo,2022,19459,0,,0,,
X5,Tesla,A822,Negro,2018,2650,0,,0,,
Camry,Ford,K420,Azul,2022,46513,0,,0,,
Civic,Tesla,B974,Azul,2018,7366,0,,0,,
Model S,Audi,F416,Rojo,2019,34646,0,,0,,
Civic,Ford,Z515,Gris,2021,43249,0,,0,,
X5,Audi,Q101,Negro,2020,32238,0,,0,,
Camry,Ford,J187,Gris,2019,35954,0,,0,,
Corolla,BMW,B275,Negro,2023,46698,0,,0,,
Civic,Audi,N537,Negro,2019,15342,0,,0,,
X5,BMW,I548,Gris,2020,40899,0,,0,,
X5,BMW,K151,Blanco,2019,12051,0,,0,,
Corolla,Toyota,C889,Azul,2022,36985,0,,0,,
Model S,Audi,N347,Gris,2020,39538,0,,0,,
Accord,Tesla,V725,Negro,2023,14420,0,,0,,
A4,Ford,R860,Azul,2020,8967,0,,0,,
Mustang,Ford,R708,Gris,2018,22222,0,,0,,
Civic,Audi,P434,Rojo,2023,1460,0,,0,,
Civic,Ford,B527,Azul,2018,38312,0,,0,,
Civic,Ford,F927,Blanco,2022,37964,0,,0,,
Civic,Audi,J633,Blanco,2022,30379,0,,0,,
A4,Toyota,B672,Rojo,2019,27827,0,,0,,
Accord,Tesla,S767,Rojo,2018,8300,0,,0,,
Civic,Honda,J139,Blanco,2019,37371,0,,0,,
Camry,Toyota,J850,Azul,2023,20792,0,,0,,
Civic,Tesla,B867,Azul,2023,36047,0,,0,,
Corolla,Honda,G418,Negro,2023,41866,0,,0,,
Mustang,Toyota,D904,Blanco,2022,35115,0,,0,,
X5,Audi,V254,Gris,2022,21159,0,,0,,
X5,Honda,I803,Blanco,2021,39369,0,,0,,
Model S,Tesla,F233,Negro,2019,20578,0,,0,,
Camry,BMW,U802,Negro,2020,47646,0,,0,,
Civic,Honda,F879,Blanco,2020,23225,0,,0,,
Civic,BMW,S737,Azul,2020,26816,0,,0,,
Mustang,BMW,I353,Negro,2023,29712,0,,0,,
Model S,Toyota,L408,Rojo,2022,11447,0,,0,,
Mustang,Tesla,J839,Gris,2023,12887,0,,0,,
Model 3,Ford,B952,Azul,2022,24069,0,,0,,
Accord,Audi,W628,Negro,2021,43005,0,,0,,
Model S,Tesla,Q313,Negro,2022,22224,0,,0,,
Mustang,Toyota,K954,Blanco,2022,26781,0,,0,,
Model 3,Honda,Q531,Azul,2019,10302,0,,0,,
Mustang,BMW,R362,Blanco,2022,42047,0,,0,,
Model S,Toyota,R373,Gris,2018,14531,0,,0,,
Model 3,Ford,M490,Blanco,2021,11809,0,,0,,
Model S,Toyota,N762,Azul,2021,35397,0,,0,,
Model 3,Toyota,I273,Blanco,2023,30768,0,,0,,
Accord,Honda,Y543,Rojo,2018,19609,0,,0,,
Corolla,Toyota,N913,Azul,2023,27774,0,,0,,
Mustang,BMW,G399,Negro,2020,3019,0,,0,,
Civic,BMW,S120,Gris,2019,39608,0,,0,,
Mustang,BMW,E651,Azul,2020,35064,0,,0,,
Civic,Honda,E874,Gris,2023,35328,0,,0,,
Model 3,Ford,A142,Gris,2019,34746,0,,0,,
Model 3,Honda,C165,Azul,2023,3880,0,,0,,
Accord,Honda,N188,Azul,2018,47775,0,,0,,
Camry,Audi,I293,Azul,2022,2159,0,,0,,
Civic,Audi,L946,Blanco,2022,44315,0,,0,,
A4,Toyota,O330,Blanco,2019,10539,0,,0,,
Model S,Honda,F725,Gris,2022,41598,0,,0,,
A4,Honda,N200,Azul,2019,36692,0,,0,,
Model 3,Audi,S446,Rojo,2019,3172,0,,0,,
Model 3,Audi,K985,Rojo,2023,31140,0,,0,,
Civic,Tesla,V372,Blanco,2019,27043,0,,0,,
Camry,Toyota,K283,Blanco,2021,21560,0,,0,,
Accord,Tesla,Z168,Rojo,2022,24561,0,,0,,
Civic,Audi,B503,Negro,2021,1709,0,,0,,
Accord,BMW,Y667,Gris,2019,28012,0,,0,,
A4,Audi,R381,Negro,2019,45074,0,,0,,
Civic,Tesla,C565,Gris,2018,44591,0,,0,,
Accord,Tesla,S375,Negro,2022,43300,0,,0,,
Model S,Honda,Y328,Gris,2019,17159,0,,0,,
Mustang,Toyota,Z178,Azul,2023,17914,0,,0,,
Camry,BMW,O136,Rojo,2018,24767,0,,0,,
Model S,Ford,Z823,Azul,2019,21659,0,,0,,
Accord,Toyota,E775,Negro,2023,35049,0,,0,,
Civic,Ford,B872,Blanco,2021,45669,0,,0,,
Model S,BMW,E333,Azul,2020,13831,0,,0,,
Model S,Tesla,A168,Gris,2023,26580,0,,0,,
Corolla,Ford,G147,Gris,2022,15469,0,,0,,
Mustang,BMW,W814,Gris,2018,21682,0,,0,,
Model 3,Audi,Y441,Blanco,2019,22558,0,,0,,
Civic,Audi,J795,Azul,2018,22162,0,,0,,
Accord,Tesla,S576,Rojo,2023,46373,0,,0,,
Mustang,Tesla,N579,Azul,2023,25888,0,,0,,
Mustang,Tesla,Y956,Azul,2023,24242,0,,0,,
A4,Toyota,P444,Negro,2021,26644,0,,0,,
Model S,BMW,H552,Rojo,2018,18898,0,,0,,
Civic,Audi,U165,Azul,2018,6587,0,,0,,
Mustang,Ford,S255,Negro,2021,38313,0,,0,,
Mustang,Tesla,J608,Gris,2018,4427,0,,0,,
Corolla,Toyota,J374,Azul,2023,41469,0,,0,,
Mustang,Tesla,G303,Blanco,2021,20722,0,,0,,
Accord,Ford,C940,Rojo,2021,6165,0,,0,,
Civic,Toyota,I427,Blanco,2023,3876,0,,0,,
Civic,Toyota,T719,Rojo,2022,16292,0,,0,,
Mustang,Toyota,B471,Gris,2020,16069,0,,0,,
Civic,Toyota,W421,Blanco,2023,36437,0,,0,,
Model 3,Toyota,R242,Rojo,2020,25627,0,,0,,
Civic,Toyota,N563,Azul,2023,37216,0,,0,,
X5,Toyota,L810,Rojo,2022,12064,0,,0,,
A4,Audi,X357,Blanco,2022,18487,0,,0,,
Model S,Toyota,T157,Gris,2020,13250,0,,0,,
Camry,Honda,D530,Gris,2021,47406,0,,0,,
Model S,BMW,M379,Negro,2018,29408,0,,0,,
Corolla,Toyota,T290,Negro,2021,28076,0,,0,,
Civic,Toyota,M131,Gris,2020,4157,0,,0,,
Civic,Toyota,G902,Gris,2020,6407,0,,0,,
Camry,Honda,T875,Negro,2022,42466,0,,0,,
Model 3,Toyota,Y752,Azul,2018,13229,0,,0,,
Civic,BMW,Y849,Negro,2022,9201,0,,0,,
Civic,Toyota,G930,Rojo,2020,15520,0,,0,,
Model S,Honda,C286,Azul,2018,21688,0,,0,,
Accord,Tesla,S884,Azul,2020,29429,0,,0,,
Model S,BMW,T592,Azul,2019,42629,0,,0,,
Mustang,Honda,G825,Gris,2020,34343,0,,0,,
Model 3,Tesla,M168,Blanco,2018,9884,0,,0,,
X5,BMW,L636,Rojo,2019,20139,0,,0,,
Mustang,Ford,Z547,Negro,2021,49874,0,,0,,
A4,Audi,X237,Azul,2018,12832,0,,0,,
Accord,Ford,G775,Blanco,2022,30501,0,,0,,
Civic,Honda,W630,Rojo,2019,27424,0,,0,,
Mustang,Audi,N978,Gris,2018,26847,0,,0,,
Model S,BMW,P805,Rojo,2023,34173,0,,0,,
Civic,Ford,M356,Blanco,2022,42323,0,,0,,
Camry,Ford,P584,Negro,2019,17629,0,,0,,
Civic,Honda,L515,Blanco,2018,13384,0,,0,,
Corolla,Toyota,S313,Blanco,2021,40183,0,,0,,
Model S,Ford,A170,Negro,2019,11817,0,,0,,
Mustang,Toyota,Q650,Rojo,2020,35736,0,,0,,
Accord,Audi,S535,Blanco,2022,20309,0,,0,,
X5,Toyota,F666,Gris,2021,20891,0,,0,,
Civic,Toyota,M799,Gris,2019,9779,0,,0,,
Accord,Tesla,F260,Negro,2018,45689,0,,0,,
Corolla,Honda,E838,Gris,2021,23411,0,,0,,
Civic,Honda,X767,Gris,2018,32809,0,,0,,
Accord,Ford,X450,Azul,2022,32309,0,,0,,
A4,Toyota,B628,Negro,2018,10112,0,,0,,
Corolla,Toyota,H823,Gris,2023,8885,0,,0,,
Camry,Audi,D332,Azul,2020,36545,0,,0,,
A4,Tesla,I491,Azul,2018,28382,0,,0,,
Mustang,Honda,W183,Rojo,2019,17854,0,,0,,
Civic,Audi,Q583,Rojo,2018,29180,0,,0,,
Mustang,Ford,F394,Rojo,2022,19534,0,,0,,
A4,Ford,F132,Gris,2022,39872,0,,0,,
Model S,BMW,T155,Blanco,2022,35488,0,,0,,
Accord,Honda,A272,Rojo,2021,5319,0,,0,,
Model 3,BMW,F953,Gris,2018,41265,0,,0,,
Mustang,Ford,G804,Blanco,2020,23788,0,,0,,
A4,Ford,R598,Negro,2022,10227,0,,0,,
Accord,Tesla,U992,Azul,2023,8359,0,,0,,
Model 3,BMW,E685,Gris,2023,39573,0,,0,,
Civic,Honda,U943,Gris,2018,31035,0,,0,,
Civic,BMW,E243,Rojo,2017,3000,0,0,230,,
