cedula,nombre,apellido,email,cantidad_vehiculos_rentados,direccion,activo
722686091,Diego,Ramírez,diego.ramírez@example.com,3,Calle de la Tierra 606,Sí
794105207,Lucía,Ramírez,lucía.ramírez@example.com,3,Calle del Viento 707,Sí
630787691,Lucía,Ortega,lucía.ortega@example.com,3,Calle Falsa 123,Sí
884835052,Ana,Castillo,ana.castillo@example.com,4,Calle de la Tierra 606,Sí
901281544,Valentina,Salazar,valentina.salazar@example.com,5,Calle de la Paz 789,Sí
295640173,Sofía,Castillo,sofía.castillo@example.com,5,Calle del Río 202,Sí
827204289,Lucía,Jiménez,lucía.jiménez@example.com,2,Calle del Río 202,Sí
189517174,Juan,Jiménez,juan.jiménez@example.com,4,Calle del Sol 101,No
508679079,Carlos,Pérez,carlos.pérez@example.com,3,Calle de la Paz 789,No
859718977,Andrés,Martínez,andrés.martínez@example.com,3,Calle de la Nieve 505,Sí
316980159,Ana,Ramírez,ana.ramírez@example.com,3,Calle del Viento 707,No
586695054,Andrés,Reyes,andrés.reyes@example.com,5,Calle del Río 202,No
825707442,Carlos,Jiménez,carlos.jiménez@example.com,2,Calle del Viento 707,Sí
234886444,Marta,Pérez,marta.pérez@example.com,2,Calle de la Paz 789,Sí
864260482,Marta,Martínez,marta.martínez@example.com,4,Calle Falsa 123,Sí
350270923,Andrés,Martínez,andrés.martínez@example.com,2,Calle de la Nieve 505,No
205326122,Andrés,López,andrés.lópez@example.com,1,Calle de la Luna 303,No
290944337,Valentina,López,valentina.lópez@example.com,5,Calle de la Paz 789,Sí
625353109,Diego,Ramírez,diego.ramírez@example.com,3,Calle del Viento 707,No
115726999,Ana,Jiménez,ana.jiménez@example.com,5,Calle de la Paz 789,No
169060018,Pedro,Martínez,pedro.martínez@example.com,1,Calle del Mar 404,No
298710837,Lucía,Salazar,lucía.salazar@example.com,4,Calle del Río 202,Sí
285023359,Juan,Ortega,juan.ortega@example.com,5,Calle del Sol 101,No
894781912,Marta,Pérez,marta.pérez@example.com,0,Calle del Viento 707,Sí
196076593,Ana,Ramírez,ana.ramírez@example.com,3,Calle Falsa 123,No
212099284,Ana,Pérez,ana.pérez@example.com,1,Calle del Viento 707,No
527962509,Pedro,Martínez,pedro.martínez@example.com,1,Calle del Río 202,No
935750455,Valentina,Ramírez,valentina.ramírez@example.com,3,Calle del Viento 707,Sí
860130203,Sofía,Ortega,sofía.ortega@example.com,5,Calle de la Luna 303,Sí
702911299,Pedro,Salazar,pedro.salazar@example.com,3,Calle de la Paz 789,No
863266751,Valentina,López,valentina.lópez@example.com,5,Calle del Sol 101,Sí
896088100,Ana,Reyes,ana.reyes@example.com,5,Avenida Siempre Viva 456,No
242350752,Valentina,Pérez,valentina.pérez@example.com,3,Calle de la Luna 303,No
963545785,Pedro,Gómez,pedro.gómez@example.com,5,Avenida Siempre Viva 456,Sí
185076350,Diego,Pérez,diego.pérez@example.com,1,Calle del Viento 707,No
748028378,Valentina,Martínez,valentina.martínez@example.com,5,Calle del Viento 707,No
279336805,Juan,López,juan.lópez@example.com,3,Calle de la Luna 303,Sí
421159959,Marta,Ramírez,marta.ramírez@example.com,5,Calle de la Tierra 606,No
710337858,Juan,Ramírez,juan.ramírez@example.com,5,Calle de la Paz 789,No
295365142,Marta,Gómez,marta.gómez@example.com,1,Calle del Mar 404,No
721734525,Lucía,Martínez,lucía.martínez@example.com,0,Calle Falsa 123,Sí
700048492,Carlos,Pérez,carlos.pérez@example.com,4,Avenida Siempre Viva 456,Sí
337937790,Valentina,López,valentina.lópez@example.com,0,Calle Falsa 123,Sí
775705552,Ana,Jiménez,ana.jiménez@example.com,4,Calle del Río 202,Sí
549082046,Ana,Ortega,ana.ortega@example.com,4,Calle del Sol 101,No
273600797,Marta,Reyes,marta.reyes@example.com,2,Avenida Siempre Viva 456,Sí
504977445,Pedro,Castillo,pedro.castillo@example.com,3,Calle del Viento 707,Sí
480460041,Carlos,Ortega,carlos.ortega@example.com,1,Calle del Río 202,Sí
108526646,Valentina,Martínez,valentina.martínez@example.com,2,Calle del Río 202,Sí
334360974,Sofía,Martínez,sofía.martínez@example.com,4,Calle de la Tierra 606,No
737881606,Lucía,Ramírez,lucía.ramírez@example.com,2,Calle del Viento 707,Sí
348021508,Carlos,Ramírez,carlos.ramírez@example.com,1,Calle de la Luna 303,Sí
793799217,Carlos,Ramírez,carlos.ramírez@example.com,0,Calle del Río 202,No
422207292,Marta,Castillo,marta.castillo@example.com,3,Calle del Viento 707,No
472157420,Ana,Ortega,ana.ortega@example.com,3,Calle del Río 202,Sí
124929594,Sofía,Castillo,sofía.castillo@example.com,1,Calle de la Luna 303,Sí
159771249,Ana,Ortega,ana.ortega@example.com,5,Calle del Viento 707,Sí
280728404,Ana,Castillo,ana.castillo@example.com,0,Calle del Viento 707,No
141316563,Carlos,Ortega,carlos.ortega@example.com,4,Calle de la Tierra 606,No
663246031,Juan,Ramírez,juan.ramírez@example.com,0,Calle de la Tierra 606,No
782938129,Diego,Salazar,diego.salazar@example.com,5,Calle del Sol 101,No
714068806,Juan,Martínez,juan.martínez@example.com,4,Calle de la Tierra 606,Sí
143547175,Diego,Jiménez,diego.jiménez@example.com,2,Avenida Siempre Viva 456,No
656538496,Sofía,Jiménez,sofía.jiménez@example.com,1,Calle del Viento 707,Sí
754111830,Carlos,Gómez,carlos.gómez@example.com,2,Calle de la Luna 303,Sí
470836991,Carlos,Ortega,carlos.ortega@example.com,1,Calle del Mar 404,No
803231871,Ana,Jiménez,ana.jiménez@example.com,5,Calle de la Luna 303,No
428127061,Ana,Castillo,ana.castillo@example.com,3,Avenida Siempre Viva 456,No
309748396,Sofía,Ortega,sofía.ortega@example.com,5,Calle de la Tierra 606,No
440112831,Marta,Castillo,marta.castillo@example.com,5,Calle del Mar 404,No
509112067,Valentina,Ramírez,valentina.ramírez@example.com,5,Calle de la Luna 303,Sí
671689003,Andrés,Martínez,andrés.martínez@example.com,1,Calle de la Tierra 606,Sí
670765669,Andrés,Martínez,andrés.martínez@example.com,0,Avenida Siempre Viva 456,No
250955022,Sofía,Gómez,sofía.gómez@example.com,3,Calle del Río 202,Sí
400742858,Valentina,Reyes,valentina.reyes@example.com,0,Calle del Mar 404,Sí
484667048,Ana,Castillo,ana.castillo@example.com,0,Calle de la Nieve 505,Sí
823497513,Andrés,Martínez,andrés.martínez@example.com,0,Calle de la Nieve 505,Sí
230976138,Ana,Castillo,ana.castillo@example.com,3,Calle de la Luna 303,No
520145383,Andrés,Ramírez,andrés.ramírez@example.com,5,Calle del Mar 404,Sí
858926570,Diego,López,diego.lópez@example.com,2,Calle de la Luna 303,No
319426425,Diego,Pérez,diego.pérez@example.com,5,Calle de la Tierra 606,Sí
296824007,Ana,Martínez,ana.martínez@example.com,3,Calle de la Luna 303,Sí
954223883,Lucía,Gómez,lucía.gómez@example.com,1,Calle del Sol 101,Sí
215403719,Juan,Ramírez,juan.ramírez@example.com,5,Calle de la Tierra 606,No
637702266,Andrés,Martínez,andrés.martínez@example.com,2,Avenida Siempre Viva 456,Sí
771497159,Andrés,Ramírez,andrés.ramírez@example.com,4,Calle del Mar 404,Sí
928146398,Sofía,Reyes,sofía.reyes@example.com,4,Calle del Mar 404,Sí
835335728,Juan,Castillo,juan.castillo@example.com,2,Calle de la Paz 789,No
826170712,Lucía,Jiménez,lucía.jiménez@example.com,4,Calle de la Tierra 606,No
460138063,Ana,Martínez,ana.martínez@example.com,0,Calle del Río 202,No
736757818,Carlos,Gómez,carlos.gómez@example.com,0,Avenida Siempre Viva 456,No
892063816,Valentina,Gómez,valentina.gómez@example.com,3,Calle de la Paz 789,No
425565140,Lucía,Ortega,lucía.ortega@example.com,0,Calle de la Luna 303,No
379924148,Andrés,Salazar,andrés.salazar@example.com,0,Calle del Sol 101,No
452016257,Diego,López,diego.lópez@example.com,3,Calle del Viento 707,Sí
950110466,Andrés,Castillo,andrés.castillo@example.com,3,Calle del Sol 101,No
685559618,Marta,Pérez,marta.pérez@example.com,2,Calle del Río 202,No
848200371,Valentina,Reyes,valentina.reyes@example.com,1,Calle Falsa 123,Sí
359806771,Juan,Reyes,juan.reyes@example.com,0,Calle del Sol 101,Sí
338586990,Lucía,Salazar,lucía.salazar@example.com,1,Calle de la Nieve 505,Sí
485305158,Juan,Jiménez,juan.jiménez@example.com,0,Calle de la Paz 789,No
778995583,Pedro,Ramírez,pedro.ramírez@example.com,4,Calle de la Luna 303,No
531388837,Diego,Martínez,diego.martínez@example.com,5,Calle del Sol 101,No
998057748,Andrés,Ortega,andrés.ortega@example.com,4,Calle del Mar 404,Sí
302329273,Valentina,Castillo,valentina.castillo@example.com,2,Calle del Mar 404,Sí
518709947,Diego,Pérez,diego.pérez@example.com,2,Calle del Viento 707,No
218479283,Sofía,Martínez,sofía.martínez@example.com,5,Calle del Sol 101,No
700091360,Marta,Salazar,marta.salazar@example.com,0,Calle del Río 202,No
577964838,Juan,Martínez,juan.martínez@example.com,3,Calle del Mar 404,No
107627884,Ana,Reyes,ana.reyes@example.com,4,Calle del Mar 404,Sí
733745573,Lucía,Gómez,lucía.gómez@example.com,4,Calle de la Luna 303,No
768619318,Lucía,Jiménez,lucía.jiménez@example.com,0,Calle Falsa 123,No
318910858,Valentina,López,valentina.lópez@example.com,5,Calle del Viento 707,No
556056240,Valentina,Martínez,valentina.martínez@example.com,4,Calle del Río 202,Sí
630306392,Valentina,Castillo,valentina.castillo@example.com,3,Calle del Mar 404,No
735001440,Lucía,Pérez,lucía.pérez@example.com,4,Avenida Siempre Viva 456,Sí
833374273,Sofía,Martínez,sofía.martínez@example.com,3,Calle de la Tierra 606,No
794219112,Pedro,Martínez,pedro.martínez@example.com,2,Calle de la Luna 303,Sí
723384758,Pedro,Ramírez,pedro.ramírez@example.com,4,Calle del Viento 707,Sí
755780682,Pedro,Martínez,pedro.martínez@example.com,0,Avenida Siempre Viva 456,Sí
551065848,Pedro,Reyes,pedro.reyes@example.com,5,Calle Falsa 123,No
702093513,Sofía,Pérez,sofía.pérez@example.com,3,Calle de la Nieve 505,No
480307226,Marta,Ramírez,marta.ramírez@example.com,5,Calle del Viento 707,No
351571421,Ana,Martínez,ana.martínez@example.com,3,Avenida Siempre Viva 456,No
405998203,Marta,Castillo,marta.castillo@example.com,5,Avenida Siempre Viva 456,Sí
626551765,Ana,Ramírez,ana.ramírez@example.com,1,Calle del Viento 707,Sí
638711046,Carlos,Ramírez,carlos.ramírez@example.com,0,Calle de la Paz 789,Sí
930370522,Ana,Pérez,ana.pérez@example.com,2,Calle del Mar 404,Sí
627522552,Diego,Martínez,diego.martínez@example.com,3,Calle del Río 202,No
863014770,Pedro,Jiménez,pedro.jiménez@example.com,4,Calle Falsa 123,Sí
152979012,Lucía,Ortega,lucía.ortega@example.com,5,Avenida Siempre Viva 456,No
509208970,Valentina,Salazar,valentina.salazar@example.com,5,Avenida Siempre Viva 456,No
825497743,Lucía,Martínez,lucía.martínez@example.com,3,Calle del Río 202,No
822618904,Carlos,Salazar,carlos.salazar@example.com,1,Avenida Siempre Viva 456,Sí
433940820,Carlos,López,carlos.lópez@example.com,2,Calle de la Luna 303,Sí
456018554,Marta,Castillo,marta.castillo@example.com,4,Calle de la Nieve 505,No
193642802,Andrés,Jiménez,andrés.jiménez@example.com,1,Calle del Río 202,Sí
347674367,Lucía,Jiménez,lucía.jiménez@example.com,4,Avenida Siempre Viva 456,No
375470111,Lucía,Reyes,lucía.reyes@example.com,4,Calle de la Nieve 505,Sí
543360879,Marta,Ortega,marta.ortega@example.com,4,Calle del Río 202,No
325135852,Andrés,Ramírez,andrés.ramírez@example.com,2,Calle del Viento 707,Sí
879613423,Diego,Jiménez,diego.jiménez@example.com,3,Calle de la Paz 789,No
759188008,Diego,Pérez,diego.pérez@example.com,5,Calle Falsa 123,No
348058950,Pedro,Pérez,pedro.pérez@example.com,1,Calle de la Luna 303,No
535137666,Diego,López,diego.lópez@example.com,3,Calle Falsa 123,No
243096371,Juan,Castillo,juan.castillo@example.com,0,Calle de la Luna 303,No
856994319,Juan,Ramírez,juan.ramírez@example.com,2,Calle de la Tierra 606,No
160371793,Carlos,Pérez,carlos.pérez@example.com,2,Avenida Siempre Viva 456,Sí
832766441,Ana,Reyes,ana.reyes@example.com,3,Calle de la Nieve 505,Sí
718414401,Valentina,Castillo,valentina.castillo@example.com,1,Calle del Sol 101,Sí
474745218,Carlos,Ortega,carlos.ortega@example.com,5,Calle de la Paz 789,Sí
365163461,Lucía,Castillo,lucía.castillo@example.com,5,Calle de la Paz 789,Sí
507921760,Carlos,Ortega,carlos.ortega@example.com,2,Calle del Viento 707,No
763849442,Diego,Martínez,diego.martínez@example.com,4,Calle de la Tierra 606,No
523590697,Diego,Castillo,diego.castillo@example.com,0,Calle de la Nieve 505,No
633688404,Pedro,Pérez,pedro.pérez@example.com,2,Avenida Siempre Viva 456,Sí
614094467,Juan,Ortega,juan.ortega@example.com,5,Calle Falsa 123,No
715908171,Diego,Reyes,diego.reyes@example.com,3,Calle Falsa 123,No
219648225,Diego,Pérez,diego.pérez@example.com,5,Calle de la Nieve 505,Sí
248412587,Diego,Jiménez,diego.jiménez@example.com,5,Avenida Siempre Viva 456,Sí
341117630,Valentina,Jiménez,valentina.jiménez@example.com,1,Calle de la Nieve 505,No
160780153,Valentina,Pérez,valentina.pérez@example.com,4,Calle del Viento 707,No
542491282,Juan,Reyes,juan.reyes@example.com,2,Calle de la Nieve 505,Sí
154610123,Pedro,Castillo,pedro.castillo@example.com,3,Calle del Sol 101,Sí
351343590,Sofía,Ortega,sofía.ortega@example.com,3,Calle de la Nieve 505,No
211098653,Ana,Castillo,ana.castillo@example.com,5,Calle de la Nieve 505,Sí
504041796,Juan,Salazar,juan.salazar@example.com,5,Calle de la Paz 789,Sí
716895866,Pedro,Castillo,pedro.castillo@example.com,0,Calle de la Tierra 606,Sí
518856342,Juan,Gómez,juan.gómez@example.com,5,Calle de la Tierra 606,No
852548002,Carlos,Jiménez,carlos.jiménez@example.com,4,Calle de la Nieve 505,No
247817590,Juan,Reyes,juan.reyes@example.com,2,Calle de la Luna 303,No
199488274,Lucía,Gómez,lucía.gómez@example.com,1,Calle del Río 202,No
759110795,Ana,Jiménez,ana.jiménez@example.com,5,Calle de la Tierra 606,Sí
664656217,Sofía,Reyes,sofía.reyes@example.com,2,Calle Falsa 123,Sí
884472240,Lucía,Reyes,lucía.reyes@example.com,1,Calle de la Nieve 505,No
526135775,Juan,Salazar,juan.salazar@example.com,2,Calle del Río 202,Sí
969513538,Diego,Castillo,diego.castillo@example.com,2,Calle del Río 202,No
425033931,Marta,Pérez,marta.pérez@example.com,2,Calle de la Luna 303,Sí
388564882,Juan,López,juan.lópez@example.com,3,Calle del Sol 101,No
475657972,Juan,Jiménez,juan.jiménez@example.com,4,Calle del Río 202,Sí
736562889,Carlos,Pérez,carlos.pérez@example.com,2,Avenida Siempre Viva 456,No
520991886,Sofía,Ortega,sofía.ortega@example.com,1,Calle del Mar 404,Sí
652971167,Ana,Salazar,ana.salazar@example.com,1,Calle de la Luna 303,No
527666188,Marta,Castillo,marta.castillo@example.com,3,Calle de la Tierra 606,No
806953530,Ana,Gómez,ana.gómez@example.com,4,Calle del Mar 404,Sí
579239106,Valentina,López,valentina.lópez@example.com,3,Calle del Sol 101,No
179821754,Valentina,Gómez,valentina.gómez@example.com,1,Calle del Río 202,No
793774899,Lucía,López,lucía.lópez@example.com,5,Calle del Mar 404,Sí
810918395,Andrés,Martínez,andrés.martínez@example.com,0,Calle Falsa 123,Sí
848513250,Andrés,Ortega,andrés.ortega@example.com,1,Calle de la Paz 789,No
289653313,Carlos,Castillo,carlos.castillo@example.com,4,Calle de la Nieve 505,Sí
526104854,Marta,Gómez,marta.gómez@example.com,3,Calle de la Tierra 606,Sí
754976910,Carlos,Castillo,carlos.castillo@example.com,1,Calle del Río 202,No
783027089,Carlos,Castillo,carlos.castillo@example.com,2,Avenida Siempre Viva 456,Sí
188858987,Lucía,Ortega,lucía.ortega@example.com,1,Calle de la Luna 303,No
945729178,Andrés,Ortega,andrés.ortega@example.com,3,Calle de la Luna 303,Sí
227393175,Pedro,Pérez,pedro.pérez@example.com,0,Calle de la Tierra 606,Sí
181053086,Juan,Ramírez,juan.ramírez@example.com,0,Avenida Siempre Viva 456,No
531734858,Andrés,Jiménez,andrés.jiménez@example.com,0,Calle de la Tierra 606,No
263364995,Lucía,Gómez,lucía.gómez@example.com,0,Calle de la Paz 789,Sí
865251762,Ana,Jiménez,ana.jiménez@example.com,3,Calle de la Luna 303,Sí
560276836,Valentina,Castillo,valentina.castillo@example.com,2,Calle del Sol 101,No
162707147,Carlos,Ortega,carlos.ortega@example.com,2,Calle de la Paz 789,Sí
462047118,Lucía,Jiménez,lucía.jiménez@example.com,1,Calle del Viento 707,No
809008804,Valentina,Reyes,valentina.reyes@example.com,0,Calle del Viento 707,Sí
559416159,Andrés,Ortega,andrés.ortega@example.com,5,Calle del Sol 101,No
370745029,Carlos,Jiménez,carlos.jiménez@example.com,1,Calle de la Paz 789,Sí
194477712,Andrés,Ortega,andrés.ortega@example.com,5,Calle del Viento 707,No
910489344,Carlos,Reyes,carlos.reyes@example.com,1,Calle de la Paz 789,No
653749504,Marta,Ramírez,marta.ramírez@example.com,1,Calle de la Luna 303,No
807664557,Valentina,Salazar,valentina.salazar@example.com,1,Calle Falsa 123,Sí
272238124,Andrés,Jiménez,andrés.jiménez@example.com,3,Calle Falsa 123,Sí
949327763,Valentina,Castillo,valentina.castillo@example.com,4,Calle de la Tierra 606,Sí
476999688,Andrés,López,andrés.lópez@example.com,1,Calle del Río 202,Sí
396556661,Marta,Martínez,marta.martínez@example.com,1,Avenida Siempre Viva 456,No
141575967,Marta,Castillo,marta.castillo@example.com,3,Calle del Sol 101,No
503263494,Lucía,Castillo,lucía.castillo@example.com,5,Calle de la Paz 789,Sí
339716139,Juan,Reyes,juan.reyes@example.com,4,Calle de la Luna 303,No
352008992,Juan,Reyes,juan.reyes@example.com,2,Calle de la Luna 303,Sí
170966115,Lucía,Reyes,lucía.reyes@example.com,1,Avenida Siempre Viva 456,Sí
662157296,Marta,Pérez,marta.pérez@example.com,2,Avenida Siempre Viva 456,No
704438802,Lucía,López,lucía.lópez@example.com,1,Calle del Mar 404,Sí
546076817,Juan,Gómez,juan.gómez@example.com,0,Calle del Sol 101,Sí
104646105,Ana,Martínez,ana.martínez@example.com,5,Calle del Viento 707,Sí
305006713,Pedro,Ramírez,pedro.ramírez@example.com,3,Calle de la Luna 303,No
369002865,Andrés,Martínez,andrés.martínez@example.com,5,Calle de la Nieve 505,Sí
796949949,Ana,Salazar,ana.salazar@example.com,0,Calle del Río 202,No
311830228,Marta,Jiménez,marta.jiménez@example.com,5,Calle del Río 202,No
663165843,Valentina,Ramírez,valentina.ramírez@example.com,5,Calle de la Luna 303,No
818517868,Pedro,Martínez,pedro.martínez@example.com,5,Avenida Siempre Viva 456,Sí
504994643,Pedro,Ramírez,pedro.ramírez@example.com,2,Calle del Viento 707,Sí
807333028,Marta,López,marta.lópez@example.com,0,Avenida Siempre Viva 456,Sí
766521790,Juan,Ortega,juan.ortega@example.com,3,Calle del Río 202,No
419475260,Sofía,Jiménez,sofía.jiménez@example.com,2,Avenida Siempre Viva 456,No
466764906,Lucía,Jiménez,lucía.jiménez@example.com,5,Calle de la Luna 303,Sí
347902226,Andrés,Jiménez,andrés.jiménez@example.com,5,Avenida Siempre Viva 456,Sí
386204724,Diego,Ramírez,diego.ramírez@example.com,3,Calle del Viento 707,Sí
132330652,Carlos,Castillo,carlos.castillo@example.com,5,Calle del Sol 101,Sí
611178462,Valentina,Ramírez,valentina.ramírez@example.com,0,Calle Falsa 123,No
941674253,Pedro,Castillo,pedro.castillo@example.com,3,Calle Falsa 123,Sí
425051981,Lucía,Pérez,lucía.pérez@example.com,2,Calle del Río 202,No
991979764,Ana,Gómez,ana.gómez@example.com,2,Calle del Mar 404,No
868926877,Juan,Gómez,juan.gómez@example.com,3,Calle Falsa 123,Sí
289962199,Pedro,Jiménez,pedro.jiménez@example.com,4,Calle de la Nieve 505,No
145109511,Marta,Ramírez,marta.ramírez@example.com,4,Calle del Sol 101,No
937596998,Juan,Jiménez,juan.jiménez@example.com,3,Calle de la Nieve 505,No
303156203,Marta,Martínez,marta.martínez@example.com,2,Calle del Viento 707,Sí
468645105,Lucía,López,lucía.lópez@example.com,2,Calle de la Tierra 606,No
541568071,Andrés,Salazar,andrés.salazar@example.com,3,Calle de la Luna 303,No
904955129,Pedro,Gómez,pedro.gómez@example.com,0,Calle del Viento 707,No
925436778,Carlos,Gómez,carlos.gómez@example.com,3,Avenida Siempre Viva 456,Sí
371264123,Carlos,López,carlos.lópez@example.com,5,Calle del Río 202,Sí
315094911,Carlos,Gómez,carlos.gómez@example.com,4,Calle del Río 202,Sí
679143166,Carlos,Jiménez,carlos.jiménez@example.com,2,Calle del Sol 101,No
782770699,Valentina,Pérez,valentina.pérez@example.com,3,Calle de la Nieve 505,Sí
573697479,Sofía,Pérez,sofía.pérez@example.com,1,Calle del Mar 404,Sí
353723241,Ana,Martínez,ana.martínez@example.com,3,Calle de la Paz 789,No
464992284,Lucía,Ramírez,lucía.ramírez@example.com,4,Calle del Río 202,Sí
749784471,Marta,Ramírez,marta.ramírez@example.com,4,Calle de la Luna 303,Sí
953631099,Carlos,Reyes,carlos.reyes@example.com,4,Calle del Río 202,No
652893384,Valentina,Gómez,valentina.gómez@example.com,1,Calle del Viento 707,Sí
517090857,Sofía,Jiménez,sofía.jiménez@example.com,5,Calle de la Tierra 606,No
648549572,Sofía,Reyes,sofía.reyes@example.com,5,Calle Falsa 123,Sí
366496378,Valentina,Ortega,valentina.ortega@example.com,5,Calle del Sol 101,No
342527251,Ana,Castillo,ana.castillo@example.com,5,Calle de la Tierra 606,No
707104101,Pedro,Ramírez,pedro.ramírez@example.com,1,Calle de la Nieve 505,Sí
383540434,Marta,Ramírez,marta.ramírez@example.com,5,Calle de la Tierra 606,No
300006855,Pedro,López,pedro.lópez@example.com,3,Calle de la Luna 303,Sí
548787900,Lucía,Salazar,lucía.salazar@example.com,0,Calle del Sol 101,No
340857006,Ana,Martínez,ana.martínez@example.com,2,Calle del Sol 101,Sí
325659172,Carlos,Jiménez,carlos.jiménez@example.com,0,Calle Falsa 123,Sí
980061595,Carlos,Ramírez,carlos.ramírez@example.com,4,Avenida Siempre Viva 456,No
241846758,Lucía,Salazar,lucía.salazar@example.com,3,Calle del Viento 707,No
122258044,Marta,Castillo,marta.castillo@example.com,4,Calle de la Tierra 606,No
304873714,Ana,Ramírez,ana.ramírez@example.com,5,Calle de la Luna 303,Sí
591867905,Juan,Gómez,juan.gómez@example.com,4,Calle Falsa 123,Sí
646360469,Sofía,Ramírez,sofía.ramírez@example.com,5,Calle del Mar 404,Sí
741957337,Diego,Ortega,diego.ortega@example.com,1,Calle de la Luna 303,No
586845631,Sofía,Ramírez,sofía.ramírez@example.com,5,Calle del Viento 707,Sí
300643631,Marta,López,marta.lópez@example.com,2,Calle de la Tierra 606,Sí
480356500,Marta,Castillo,marta.castillo@example.com,3,Calle de la Luna 303,No
138247410,Marta,Salazar,marta.salazar@example.com,0,Calle del Viento 707,No
934187406,Lucía,López,lucía.lópez@example.com,0,Calle de la Paz 789,No
634821536,Valentina,Pérez,valentina.pérez@example.com,0,Calle Falsa 123,No
714923275,Marta,Martínez,marta.martínez@example.com,2,Calle del Sol 101,No
338298936,Sofía,Martínez,sofía.martínez@example.com,2,Avenida Siempre Viva 456,Sí
243640405,Marta,Martínez,marta.martínez@example.com,1,Avenida Siempre Viva 456,Sí
921710378,Carlos,Reyes,carlos.reyes@example.com,5,Calle del Mar 404,Sí
273163421,Sofía,Ramírez,sofía.ramírez@example.com,0,Avenida Siempre Viva 456,Sí
273088617,Juan,Martínez,juan.martínez@example.com,4,Calle de la Nieve 505,No
741096226,Valentina,Castillo,valentina.castillo@example.com,2,Calle del Sol 101,No
991442388,Sofía,Jiménez,sofía.jiménez@example.com,1,Avenida Siempre Viva 456,Sí
879952391,Juan,López,juan.lópez@example.com,5,Calle del Viento 707,Sí
342790628,Ana,Pérez,ana.pérez@example.com,0,Calle del Mar 404,No
234945339,Lucía,Reyes,lucía.reyes@example.com,4,Calle de la Paz 789,Sí
659524325,Sofía,Salazar,sofía.salazar@example.com,0,Calle Falsa 123,Sí
688285046,Lucía,Ortega,lucía.ortega@example.com,2,Calle del Río 202,No
470731243,Juan,Reyes,juan.reyes@example.com,1,Avenida Siempre Viva 456,No
189509940,Lucía,Jiménez,lucía.jiménez@example.com,0,Calle del Sol 101,Sí
459539550,Pedro,Jiménez,pedro.jiménez@example.com,1,Calle Falsa 123,No
597245483,Andrés,Castillo,andrés.castillo@example.com,0,Calle del Sol 101,Sí
395409739,Valentina,Reyes,valentina.reyes@example.com,1,Calle del Mar 404,No
559538168,Andrés,Jiménez,andrés.jiménez@example.com,5,Calle de la Luna 303,No
287786767,Pedro,López,pedro.lópez@example.com,3,Avenida Siempre Viva 456,Sí
136842366,Valentina,Jiménez,valentina.jiménez@example.com,5,Calle de la Luna 303,Sí
969109544,Valentina,Ortega,valentina.ortega@example.com,2,Calle de la Nieve 505,Sí
498803515,Lucía,Castillo,lucía.castillo@example.com,0,Calle del Sol 101,No
988014218,Ana,Castillo,ana.castillo@example.com,1,Calle de la Paz 789,No
318112765,Valentina,Martínez,valentina.martínez@example.com,3,Calle de la Tierra 606,Sí
842883661,Valentina,Martínez,valentina.martínez@example.com,2,Calle de la Paz 789,Sí
730298974,Marta,Castillo,marta.castillo@example.com,4,Calle de la Tierra 606,Sí
821464659,Sofía,Jiménez,sofía.jiménez@example.com,3,Calle del Mar 404,Sí
684688126,Andrés,Gómez,andrés.gómez@example.com,4,Calle del Sol 101,No
137785898,Diego,Ortega,diego.ortega@example.com,5,Calle de la Nieve 505,No
659563085,Carlos,Pérez,carlos.pérez@example.com,5,Calle de la Tierra 606,Sí
693752431,Ana,Pérez,ana.pérez@example.com,0,Avenida Siempre Viva 456,Sí
630921638,Lucía,Jiménez,lucía.jiménez@example.com,4,Calle de la Luna 303,Sí
429463141,Ana,Jiménez,ana.jiménez@example.com,1,Calle de la Paz 789,Sí
533782704,Andrés,López,andrés.lópez@example.com,5,Calle de la Nieve 505,Sí
304195722,Juan,Ramírez,juan.ramírez@example.com,0,Calle del Sol 101,Sí
940421901,Lucía,Reyes,lucía.reyes@example.com,1,Calle de la Luna 303,Sí
771018396,Valentina,Castillo,valentina.castillo@example.com,4,Avenida Siempre Viva 456,Sí
320250184,Valentina,Salazar,valentina.salazar@example.com,2,Calle de la Tierra 606,No
714643945,Andrés,Ortega,andrés.ortega@example.com,4,Avenida Siempre Viva 456,No
846410239,Marta,Salazar,marta.salazar@example.com,5,Calle de la Luna 303,Sí
220196744,Carlos,Ortega,carlos.ortega@example.com,2,Calle de la Paz 789,No
906863698,Ana,Ortega,ana.ortega@example.com,2,Avenida Siempre Viva 456,Sí
402727552,Valentina,Martínez,valentina.martínez@example.com,1,Calle de la Tierra 606,Sí
608880904,Ana,Castillo,ana.castillo@example.com,3,Avenida Siempre Viva 456,Sí
454420017,Sofía,Salazar,sofía.salazar@example.com,2,Calle del Viento 707,No
130222670,Sofía,Castillo,sofía.castillo@example.com,0,Calle del Mar 404,Sí
482342535,Valentina,Jiménez,valentina.jiménez@example.com,1,Calle de la Luna 303,No
793582705,Sofía,Martínez,sofía.martínez@example.com,2,Calle de la Tierra 606,No
159593734,Juan,Castillo,juan.castillo@example.com,5,Avenida Siempre Viva 456,Sí
820434577,Valentina,López,valentina.lópez@example.com,1,Calle de la Paz 789,Sí
340937526,Andrés,Martínez,andrés.martínez@example.com,4,Calle de la Paz 789,Sí
349304945,Andrés,Castillo,andrés.castillo@example.com,4,Avenida Siempre Viva 456,Sí
645955049,Pedro,Pérez,pedro.pérez@example.com,4,Calle del Viento 707,Sí
552682121,Lucía,Salazar,lucía.salazar@example.com,3,Calle del Viento 707,No
726756827,Marta,Reyes,marta.reyes@example.com,1,Calle del Sol 101,No
161534051,Diego,Salazar,diego.salazar@example.com,1,Calle del Sol 101,No
466516267,Ana,Reyes,ana.reyes@example.com,4,Calle de la Luna 303,No
456463035,Diego,Martínez,diego.martínez@example.com,0,Calle del Sol 101,Sí
647208199,Sofía,López,sofía.lópez@example.com,2,Calle Falsa 123,No
449451375,Valentina,Martínez,valentina.martínez@example.com,1,Calle del Río 202,Sí
253259742,Lucía,López,lucía.lópez@example.com,2,Calle de la Nieve 505,No
489959723,Juan,Jiménez,juan.jiménez@example.com,1,Calle de la Paz 789,Sí
875510995,Sofía,Ortega,sofía.ortega@example.com,2,Calle Falsa 123,Sí
852600335,Juan,Castillo,juan.castillo@example.com,4,Calle de la Paz 789,No
947222696,Sofía,Ramírez,sofía.ramírez@example.com,0,Calle Falsa 123,Sí
401824061,Andrés,López,andrés.lópez@example.com,2,Avenida Siempre Viva 456,Sí
464194794,Lucía,Gómez,lucía.gómez@example.com,1,Calle de la Luna 303,Sí
777286481,Ana,Reyes,ana.reyes@example.com,4,Avenida Siempre Viva 456,No
451662326,Lucía,Pérez,lucía.pérez@example.com,5,Avenida Siempre Viva 456,Sí
434835342,Andrés,Jiménez,andrés.jiménez@example.com,1,Calle del Mar 404,Sí
962274178,Sofía,López,sofía.lópez@example.com,3,Calle de la Nieve 505,Sí
435041465,Carlos,López,carlos.lópez@example.com,2,Avenida Siempre Viva 456,Sí
468544747,Sofía,Ramírez,sofía.ramírez@example.com,0,Calle de la Nieve 505,No
708667417,Juan,Salazar,juan.salazar@example.com,4,Calle de la Luna 303,Sí
259467334,Andrés,Ortega,andrés.ortega@example.com,4,Calle del Viento 707,Sí
716972943,Pedro,Pérez,pedro.pérez@example.com,2,Calle del Viento 707,Sí
202718402,Sofía,Reyes,sofía.reyes@example.com,1,Calle de la Paz 789,Sí
434915016,Marta,Ortega,marta.ortega@example.com,4,Calle del Río 202,Sí
868070561,Juan,Salazar,juan.salazar@example.com,2,Calle del Río 202,No
264307191,Valentina,Castillo,valentina.castillo@example.com,5,Calle del Sol 101,No
685533095,Lucía,Ortega,lucía.ortega@example.com,2,Calle de la Luna 303,No
197188768,Lucía,Castillo,lucía.castillo@example.com,2,Calle del Río 202,No
956940597,Marta,Ramírez,marta.ramírez@example.com,1,Calle del Viento 707,No
742238495,Ana,Martínez,ana.martínez@example.com,2,Calle de la Tierra 606,Sí
268703992,Valentina,Pérez,valentina.pérez@example.com,3,Calle del Viento 707,Sí
438339699,Marta,Martínez,marta.martínez@example.com,2,Calle de la Nieve 505,No
968177207,Sofía,Reyes,sofía.reyes@example.com,0,Calle del Sol 101,Sí
600964047,Ana,López,ana.lópez@example.com,4,Calle del Viento 707,Sí
436381669,Lucía,Salazar,lucía.salazar@example.com,3,Calle de la Paz 789,No
831020030,Juan,Reyes,juan.reyes@example.com,2,Calle del Río 202,Sí
418948398,Valentina,Castillo,valentina.castillo@example.com,2,Avenida Siempre Viva 456,No
541531865,Sofía,Ortega,sofía.ortega@example.com,1,Calle de la Luna 303,No
476663508,Juan,Gómez,juan.gómez@example.com,2,Calle Falsa 123,No
568533844,Sofía,Salazar,sofía.salazar@example.com,5,Calle del Sol 101,No
766315926,Lucía,Jiménez,lucía.jiménez@example.com,4,Calle de la Luna 303,Sí
329298233,Valentina,Salazar,valentina.salazar@example.com,0,Calle Falsa 123,No
706528624,Diego,Reyes,diego.reyes@example.com,1,Calle del Viento 707,No
424527316,Pedro,Ortega,pedro.ortega@example.com,2,Calle del Viento 707,Sí
639948296,Ana,Gómez,ana.gómez@example.com,3,Calle del Sol 101,Sí
892065882,Ana,Salazar,ana.salazar@example.com,0,Calle del Sol 101,Sí
435841066,Carlos,Ramírez,carlos.ramírez@example.com,3,Calle de la Tierra 606,No
139292175,Diego,Ramírez,diego.ramírez@example.com,2,Calle del Mar 404,Sí
543204332,Carlos,López,carlos.lópez@example.com,1,Calle de la Nieve 505,No
262938497,Ana,Ortega,ana.ortega@example.com,4,Calle del Sol 101,No
249537703,Sofía,López,sofía.lópez@example.com,2,Calle del Río 202,Sí
578312242,Carlos,Martínez,carlos.martínez@example.com,5,Calle del Sol 101,Sí
535553625,Valentina,Castillo,valentina.castillo@example.com,1,Calle del Sol 101,Sí
928523644,Juan,Salazar,juan.salazar@example.com,4,Calle del Mar 404,Sí
646303636,Juan,Jiménez,juan.jiménez@example.com,2,Calle de la Tierra 606,Sí
973147502,Juan,Gómez,juan.gómez@example.com,2,Calle del Viento 707,No
588533737,Lucía,Martínez,lucía.martínez@example.com,1,Calle de la Paz 789,Sí
315685355,Diego,Ramírez,diego.ramírez@example.com,3,Calle del Mar 404,No
615883477,Sofía,Jiménez,sofía.jiménez@example.com,2,Calle del Viento 707,No
697312987,Carlos,Salazar,carlos.salazar@example.com,1,Calle del Mar 404,No
435644962,Pedro,Ortega,pedro.ortega@example.com,5,Calle Falsa 123,No
315236258,Carlos,Gómez,carlos.gómez@example.com,5,Calle del Sol 101,Sí
367131868,Carlos,Gómez,carlos.gómez@example.com,1,Calle del Viento 707,No
199845117,Diego,Ortega,diego.ortega@example.com,4,Calle de la Nieve 505,Sí
928383183,Carlos,López,carlos.lópez@example.com,4,Calle del Sol 101,No
578746223,Pedro,Pérez,pedro.pérez@example.com,1,Calle Falsa 123,No
959199913,Carlos,Martínez,carlos.martínez@example.com,5,Calle Falsa 123,No
650437587,Pedro,Pérez,pedro.pérez@example.com,4,Calle del Viento 707,No
542293312,Juan,Martínez,juan.martínez@example.com,5,Calle de la Luna 303,Sí
796287628,Andrés,Salazar,andrés.salazar@example.com,2,Calle del Río 202,No
830658481,Sofía,Ramírez,sofía.ramírez@example.com,2,Avenida Siempre Viva 456,Sí
696534405,Marta,Salazar,marta.salazar@example.com,1,Calle de la Tierra 606,No
380178136,Sofía,Martínez,sofía.martínez@example.com,3,Calle de la Paz 789,Sí
606253467,Sofía,Ortega,sofía.ortega@example.com,5,Calle de la Luna 303,No
429736432,Marta,Ramírez,marta.ramírez@example.com,3,Calle del Río 202,No
736608673,Juan,Ortega,juan.ortega@example.com,3,Calle del Río 202,Sí
844902333,Pedro,López,pedro.lópez@example.com,2,Calle de la Tierra 606,Sí
711476549,Sofía,Gómez,sofía.gómez@example.com,5,Calle del Río 202,Sí
743714598,Juan,López,juan.lópez@example.com,1,Calle Falsa 123,Sí
275870110,Sofía,Reyes,sofía.reyes@example.com,1,Calle de la Nieve 505,No
450243355,Carlos,Salazar,carlos.salazar@example.com,3,Calle del Viento 707,No
713168528,Valentina,Ortega,valentina.ortega@example.com,5,Calle del Mar 404,No
386381196,Diego,Martínez,diego.martínez@example.com,0,Avenida Siempre Viva 456,No
798200574,Pedro,Castillo,pedro.castillo@example.com,3,Calle del Mar 404,No
146176609,Diego,Castillo,diego.castillo@example.com,1,Calle del Viento 707,Sí
959128962,Ana,Jiménez,ana.jiménez@example.com,3,Calle del Mar 404,Sí
853596468,Juan,López,juan.lópez@example.com,4,Calle del Viento 707,No
980277413,Carlos,Pérez,carlos.pérez@example.com,5,Calle del Viento 707,No
270046763,Andrés,Salazar,andrés.salazar@example.com,4,Calle del Sol 101,Sí
765719015,Marta,Martínez,marta.martínez@example.com,0,Calle Falsa 123,Sí
999583415,Pedro,Jiménez,pedro.jiménez@example.com,1,Calle de la Paz 789,No
941239054,Ana,López,ana.lópez@example.com,2,Calle de la Luna 303,Sí
828039646,Carlos,Ramírez,carlos.ramírez@example.com,2,Calle del Viento 707,Sí
169763093,Diego,López,diego.lópez@example.com,2,Avenida Siempre Viva 456,No
172228017,Marta,Ortega,marta.ortega@example.com,4,Calle Falsa 123,Sí
390222208,Carlos,Jiménez,carlos.jiménez@example.com,4,Avenida Siempre Viva 456,Sí
561156834,Pedro,Reyes,pedro.reyes@example.com,1,Calle de la Luna 303,Sí
402604850,Andrés,López,andrés.lópez@example.com,1,Calle del Sol 101,Sí
691997546,Valentina,Pérez,valentina.pérez@example.com,1,Avenida Siempre Viva 456,Sí
659877741,Juan,Gómez,juan.gómez@example.com,0,Calle del Mar 404,Sí
196080412,Juan,Jiménez,juan.jiménez@example.com,1,Calle del Río 202,Sí
626961528,Lucía,Martínez,lucía.martínez@example.com,0,Calle de la Luna 303,Sí
578107583,Juan,López,juan.lópez@example.com,4,Calle del Sol 101,No
616660966,Carlos,Ramírez,carlos.ramírez@example.com,3,Calle Falsa 123,No
908800725,Carlos,Martínez,carlos.martínez@example.com,1,Avenida Siempre Viva 456,Sí
154665222,Marta,Ortega,marta.ortega@example.com,1,Calle del Viento 707,No
540060255,Ana,Ortega,ana.ortega@example.com,4,Calle del Viento 707,No
998652950,Andrés,Ortega,andrés.ortega@example.com,0,Calle del Río 202,Sí
740940423,Ana,Jiménez,ana.jiménez@example.com,4,Calle del Viento 707,No
801086309,Ana,Salazar,ana.salazar@example.com,0,Calle de la Paz 789,Sí
754387041,Lucía,Ramírez,lucía.ramírez@example.com,2,Calle del Río 202,No
502137247,Ana,Gómez,ana.gómez@example.com,2,Calle de la Paz 789,No
278850742,Andrés,Martínez,andrés.martínez@example.com,2,Calle del Río 202,Sí
999465644,Pedro,Martínez,pedro.martínez@example.com,5,Calle del Viento 707,Sí
904023918,Diego,Pérez,diego.pérez@example.com,2,Calle de la Tierra 606,Sí
896778712,Sofía,Reyes,sofía.reyes@example.com,1,Calle de la Nieve 505,Sí
149755133,Andrés,Reyes,andrés.reyes@example.com,0,Calle de la Nieve 505,Sí
935044245,Ana,Martínez,ana.martínez@example.com,4,Calle Falsa 123,Sí
276384841,Lucía,Jiménez,lucía.jiménez@example.com,5,Calle de la Tierra 606,Sí
224809481,Carlos,López,carlos.lópez@example.com,3,Calle de la Luna 303,Sí
579480232,Carlos,Jiménez,carlos.jiménez@example.com,0,Calle del Mar 404,No
424329035,Ana,Jiménez,ana.jiménez@example.com,5,Avenida Siempre Viva 456,Sí
923098281,Marta,Reyes,marta.reyes@example.com,0,Calle del Viento 707,Sí
340762604,Ana,López,ana.lópez@example.com,2,Calle de la Tierra 606,Sí
978883915,Marta,Pérez,marta.pérez@example.com,4,Calle de la Paz 789,No
127795709,Lucía,Reyes,lucía.reyes@example.com,5,Calle del Viento 707,No
876076354,Sofía,Martínez,sofía.martínez@example.com,3,Calle Falsa 123,Sí
900532928,Pedro,Castillo,pedro.castillo@example.com,0,Calle de la Tierra 606,Sí
576868734,Pedro,Castillo,pedro.castillo@example.com,4,Calle del Río 202,No
939826440,Ana,López,ana.lópez@example.com,5,Calle del Mar 404,No
717596516,Marta,Gómez,marta.gómez@example.com,1,Calle del Mar 404,Sí
442200758,Pedro,Martínez,pedro.martínez@example.com,4,Calle del Viento 707,No
444205355,Ana,Ramírez,ana.ramírez@example.com,4,Calle de la Paz 789,No
709565354,Andrés,López,andrés.lópez@example.com,2,Calle del Río 202,No
371765617,Pedro,Martínez,pedro.martínez@example.com,3,Calle de la Tierra 606,No
821380610,Sofía,Jiménez,sofía.jiménez@example.com,4,Avenida Siempre Viva 456,No
281195228,Lucía,Reyes,lucía.reyes@example.com,5,Calle de la Paz 789,No
506209025,Marta,Martínez,marta.martínez@example.com,2,Calle de la Luna 303,No
121825412,Juan,Pérez,juan.pérez@example.com,5,Calle de la Paz 789,No
271573115,Pedro,Reyes,pedro.reyes@example.com,5,Calle del Viento 707,No
693852291,Diego,Martínez,diego.martínez@example.com,5,Calle de la Tierra 606,Sí
227314565,Ana,Martínez,ana.martínez@example.com,1,Calle del Sol 101,Sí
228977755,Carlos,Reyes,carlos.reyes@example.com,5,Calle del Sol 101,No
317164345,Juan,Pérez,juan.pérez@example.com,3,Calle del Sol 101,Sí
752996779,Lucía,Gómez,lucía.gómez@example.com,1,Calle del Sol 101,Sí
464901850,Ana,Pérez,ana.pérez@example.com,0,Calle del Viento 707,Sí
609839806,Juan,Reyes,juan.reyes@example.com,0,Calle Falsa 123,Sí
131915396,Lucía,Ramírez,lucía.ramírez@example.com,3,Calle de la Nieve 505,Sí
769573925,Lucía,Salazar,lucía.salazar@example.com,0,Calle del Río 202,No
440094764,Diego,López,diego.lópez@example.com,2,Calle de la Luna 303,No
239957428,Marta,Reyes,marta.reyes@example.com,1,Calle de la Nieve 505,Sí
179727454,Carlos,Gómez,carlos.gómez@example.com,2,Calle del Viento 707,No
640458737,Pedro,Ortega,pedro.ortega@example.com,2,Avenida Siempre Viva 456,Sí
163967782,Lucía,Jiménez,lucía.jiménez@example.com,5,Calle de la Nieve 505,No
403581111,Valentina,Salazar,valentina.salazar@example.com,0,Calle de la Tierra 606,Sí
549618900,Valentina,López,valentina.lópez@example.com,4,Calle del Río 202,No
987037294,Diego,Ramírez,diego.ramírez@example.com,1,Avenida Siempre Viva 456,No
450822663,Juan,Pérez,juan.pérez@example.com,3,Calle del Río 202,No
857980447,Carlos,López,carlos.lópez@example.com,2,Calle del Mar 404,Sí
308827346,Sofía,López,sofía.lópez@example.com,4,Calle de la Tierra 606,No
351240992,Sofía,Jiménez,sofía.jiménez@example.com,5,Calle Falsa 123,No
382678894,Pedro,Pérez,pedro.pérez@example.com,1,Calle del Mar 404,No
280964165,Marta,López,marta.lópez@example.com,0,Calle Falsa 123,Sí
217944245,Carlos,Martínez,carlos.martínez@example.com,3,Calle de la Nieve 505,No
836785744,Marta,Reyes,marta.reyes@example.com,3,Calle Falsa 123,Sí
971626502,Diego,Castillo,diego.castillo@example.com,1,Calle de la Paz 789,No
864292391,Marta,Castillo,marta.castillo@example.com,2,Calle Falsa 123,No
656470306,Ana,Castillo,ana.castillo@example.com,4,Calle de la Nieve 505,No
275550986,Andrés,Martínez,andrés.martínez@example.com,2,Calle del Sol 101,No
554966121,Andrés,Pérez,andrés.pérez@example.com,1,Calle del Río 202,Sí
776040720,Ana,Reyes,ana.reyes@example.com,4,Calle del Mar 404,No
309048737,Sofía,López,sofía.lópez@example.com,4,Calle Falsa 123,Sí
999494255,Marta,Castillo,marta.castillo@example.com,4,Calle de la Paz 789,Sí
147292468,Ana,Ramírez,ana.ramírez@example.com,1,Calle del Mar 404,No
688163610,Diego,Gómez,diego.gómez@example.com,3,Calle del Río 202,Sí
478361039,Lucía,Salazar,lucía.salazar@example.com,5,Avenida Siempre Viva 456,Sí
119420917,Marta,Martínez,marta.martínez@example.com,2,Calle de la Nieve 505,Sí
977887919,Marta,Martínez,marta.martínez@example.com,5,Calle del Viento 707,No
258647044,Lucía,Reyes,lucía.reyes@example.com,1,Calle Falsa 123,No
114922666,Diego,Salazar,diego.salazar@example.com,0,Calle de la Paz 789,No
587427270,Juan,Pérez,juan.pérez@example.com,1,Calle Falsa 123,No
497588963,Diego,Reyes,diego.reyes@example.com,4,Calle Falsa 123,Sí
305586350,Lucía,Pérez,lucía.pérez@example.com,2,Calle del Río 202,Sí
407933213,Andrés,Ramírez,andrés.ramírez@example.com,3,Calle de la Luna 303,Sí
781782647,Ana,López,ana.lópez@example.com,4,Calle del Mar 404,Sí
645766223,Andrés,Ramírez,andrés.ramírez@example.com,0,Calle del Sol 101,Sí
877076164,Ana,Pérez,ana.pérez@example.com,0,Calle de la Paz 789,No
817917449,Andrés,Salazar,andrés.salazar@example.com,0,Calle del Viento 707,No
845566057,Andrés,Pérez,andrés.pérez@example.com,5,Calle del Sol 101,Sí
352263421,Juan,Reyes,juan.reyes@example.com,0,Calle de la Nieve 505,Sí
105048364,Juan,Jiménez,juan.jiménez@example.com,4,Calle de la Luna 303,No
419686217,Ana,Castillo,ana.castillo@example.com,4,Calle del Río 202,Sí
793686205,Valentina,Castillo,valentina.castillo@example.com,2,Calle de la Nieve 505,No
659883054,Valentina,Jiménez,valentina.jiménez@example.com,5,Calle Falsa 123,Sí
815889354,Diego,Gómez,diego.gómez@example.com,0,Calle Falsa 123,No
285951240,Diego,Jiménez,diego.jiménez@example.com,5,Calle de la Luna 303,No
354516356,Andrés,Pérez,andrés.pérez@example.com,2,Calle de la Luna 303,Sí
224520388,Pedro,Castillo,pedro.castillo@example.com,4,Calle de la Tierra 606,Sí
645887308,Pedro,López,pedro.lópez@example.com,1,Calle del Río 202,No
298259769,Sofía,Reyes,sofía.reyes@example.com,1,Calle de la Nieve 505,No
740099811,Diego,Reyes,diego.reyes@example.com,2,Calle del Sol 101,Sí
485284470,Pedro,Jiménez,pedro.jiménez@example.com,0,Calle del Río 202,No
682970632,Andrés,Ortega,andrés.ortega@example.com,4,Avenida Siempre Viva 456,Sí
660086385,Sofía,Gómez,sofía.gómez@example.com,4,Calle del Mar 404,Sí
238164293,Marta,Salazar,marta.salazar@example.com,0,Calle de la Luna 303,No
690329985,Andrés,Jiménez,andrés.jiménez@example.com,1,Calle de la Nieve 505,No
474037917,Pedro,Martínez,pedro.martínez@example.com,1,Calle de la Luna 303,No
802840255,Valentina,Jiménez,valentina.jiménez@example.com,1,Calle de la Paz 789,No
164705756,Marta,Castillo,marta.castillo@example.com,2,Calle del Mar 404,No
325938810,Andrés,López,andrés.lópez@example.com,2,Calle del Sol 101,No
292065307,Sofía,Castillo,sofía.castillo@example.com,3,Calle del Sol 101,Sí
887503792,Andrés,Pérez,andrés.pérez@example.com,1,Calle de la Luna 303,No
751376840,Valentina,Gómez,valentina.gómez@example.com,1,Calle del Río 202,Sí
347960442,Ana,Ramírez,ana.ramírez@example.com,5,Avenida Siempre Viva 456,No
744972619,Lucía,Gómez,lucía.gómez@example.com,2,Calle del Sol 101,No
935428407,Lucía,Jiménez,lucía.jiménez@example.com,2,Calle de la Paz 789,Sí
969800103,Marta,Ortega,marta.ortega@example.com,4,Calle del Viento 707,No
120750672,Pedro,Jiménez,pedro.jiménez@example.com,0,Calle de la Nieve 505,No
370623026,Lucía,López,lucía.lópez@example.com,0,Calle de la Tierra 606,Sí
896345593,Carlos,Martínez,carlos.martínez@example.com,3,Calle de la Luna 303,No
387098774,Andrés,Gómez,andrés.gómez@example.com,4,Calle de la Paz 789,No
172179019,Valentina,Pérez,valentina.pérez@example.com,2,Calle del Viento 707,Sí
477216795,Sofía,Ramírez,sofía.ramírez@example.com,4,Calle del Mar 404,No
449567518,Valentina,Salazar,valentina.salazar@example.com,1,Avenida Siempre Viva 456,No
104611381,Andrés,Salazar,andrés.salazar@example.com,1,Calle de la Paz 789,Sí
679742229,Pedro,Ortega,pedro.ortega@example.com,5,Avenida Siempre Viva 456,Sí
550562500,Carlos,Martínez,carlos.martínez@example.com,4,Calle del Sol 101,No
529214609,Pedro,Ramírez,pedro.ramírez@example.com,4,Calle Falsa 123,Sí
727528999,Andrés,Gómez,andrés.gómez@example.com,0,Calle de la Nieve 505,No
947732754,Pedro,Jiménez,pedro.jiménez@example.com,4,Calle de la Paz 789,No
223845139,Valentina,Martínez,valentina.martínez@example.com,4,Calle del Viento 707,No
359943656,Juan,Ortega,juan.ortega@example.com,3,Calle del Mar 404,Sí
194103215,Carlos,Ramírez,carlos.ramírez@example.com,3,Calle de la Tierra 606,No
195723886,Andrés,Castillo,andrés.castillo@example.com,3,Calle del Río 202,Sí
835568502,Pedro,Ramírez,pedro.ramírez@example.com,0,Calle de la Tierra 606,Sí
850134016,Lucía,Salazar,lucía.salazar@example.com,0,Calle del Mar 404,No
969235669,Valentina,Gómez,valentina.gómez@example.com,2,Calle de la Paz 789,Sí
897868837,Carlos,Pérez,carlos.pérez@example.com,2,Calle Falsa 123,Sí
414013733,Juan,Reyes,juan.reyes@example.com,5,Avenida Siempre Viva 456,Sí
641024377,Valentina,Gómez,valentina.gómez@example.com,2,Calle de la Nieve 505,Sí
404294649,Ana,Pérez,ana.pérez@example.com,4,Calle de la Luna 303,Sí
630522615,Andrés,Martínez,andrés.martínez@example.com,3,Calle de la Tierra 606,No
618068653,Lucía,Reyes,lucía.reyes@example.com,3,Calle de la Nieve 505,Sí
809319299,Lucía,Pérez,lucía.pérez@example.com,3,Calle de la Paz 789,No
305395154,Marta,López,marta.lópez@example.com,1,Calle del Río 202,No
163444841,Marta,López,marta.lópez@example.com,2,Calle del Mar 404,Sí
505444364,Marta,Martínez,marta.martínez@example.com,0,Avenida Siempre Viva 456,Sí
710634060,Carlos,López,carlos.lópez@example.com,3,Calle del Mar 404,Sí
946787143,Ana,López,ana.lópez@example.com,3,Avenida Siempre Viva 456,Sí
259132522,Andrés,Ramírez,andrés.ramírez@example.com,5,Calle del Mar 404,No
657733302,Andrés,Martínez,andrés.martínez@example.com,2,Calle Falsa 123,Sí
319266532,Carlos,Salazar,carlos.salazar@example.com,3,Calle de la Paz 789,Sí
678281538,Sofía,Ramírez,sofía.ramírez@example.com,4,Calle de la Nieve 505,No
623709287,Diego,Gómez,diego.gómez@example.com,0,Calle de la Tierra 606,No
162666764,Sofía,Jiménez,sofía.jiménez@example.com,3,Calle del Mar 404,No
883383039,Marta,Jiménez,marta.jiménez@example.com,5,Calle del Río 202,No
326387948,Pedro,Salazar,pedro.salazar@example.com,5,Calle del Río 202,No
778833691,Sofía,Ortega,sofía.ortega@example.com,2,Calle del Río 202,Sí
812852279,Pedro,Ortega,pedro.ortega@example.com,3,Calle del Sol 101,Sí
924221970,Diego,López,diego.lópez@example.com,2,Calle de la Nieve 505,No
423997006,Lucía,Gómez,lucía.gómez@example.com,0,Calle Falsa 123,Sí
214129157,Sofía,Reyes,sofía.reyes@example.com,5,Calle de la Nieve 505,Sí
765297547,Ana,Salazar,ana.salazar@example.com,0,Calle del Río 202,No
484741619,Lucía,Pérez,lucía.pérez@example.com,4,Calle del Río 202,No
135618173,Lucía,Castillo,lucía.castillo@example.com,3,Calle del Viento 707,No
745161763,Valentina,Reyes,valentina.reyes@example.com,3,Calle de la Tierra 606,Sí
228033234,Andrés,Pérez,andrés.pérez@example.com,3,Calle de la Nieve 505,No
705511258,Carlos,Gómez,carlos.gómez@example.com,4,Calle de la Nieve 505,Sí
676539424,Andrés,Salazar,andrés.salazar@example.com,5,Calle del Viento 707,Sí
644369108,Marta,Salazar,marta.salazar@example.com,0,Avenida Siempre Viva 456,No
487695239,Valentina,Reyes,valentina.reyes@example.com,1,Calle del Mar 404,Sí
526860145,Sofía,Martínez,sofía.martínez@example.com,2,Calle de la Tierra 606,No
315822475,Carlos,Jiménez,carlos.jiménez@example.com,5,Calle del Sol 101,No
779082954,Valentina,Ortega,valentina.ortega@example.com,3,Calle de la Paz 789,No
567382757,Carlos,López,carlos.lópez@example.com,2,Avenida Siempre Viva 456,No
336959406,Sofía,Reyes,sofía.reyes@example.com,5,Calle de la Nieve 505,Sí
413317451,Sofía,Pérez,sofía.pérez@example.com,3,Avenida Siempre Viva 456,No
291901975,Sofía,Reyes,sofía.reyes@example.com,5,Calle de la Luna 303,Sí
461274712,Pedro,Ortega,pedro.ortega@example.com,5,Calle de la Paz 789,Sí
313393312,Valentina,Salazar,valentina.salazar@example.com,0,Avenida Siempre Viva 456,No
123844387,Juan,Jiménez,juan.jiménez@example.com,3,Calle del Mar 404,Sí
196961752,Diego,Martínez,diego.martínez@example.com,1,Calle de la Luna 303,Sí
904510251,Marta,Ramírez,marta.ramírez@example.com,2,Calle de la Nieve 505,No
938529008,Valentina,Gómez,valentina.gómez@example.com,5,Avenida Siempre Viva 456,No
956721338,Pedro,Pérez,pedro.pérez@example.com,3,Calle del Viento 707,Sí
256556351,Pedro,Ortega,pedro.ortega@example.com,1,Calle del Mar 404,No
136662929,Valentina,Ramírez,valentina.ramírez@example.com,2,Calle Falsa 123,No
101245354,Carlos,Pérez,carlos.pérez@example.com,0,Calle del Viento 707,No
571120404,Carlos,Ramírez,carlos.ramírez@example.com,4,Calle de la Luna 303,No
666089471,Pedro,Reyes,pedro.reyes@example.com,3,Calle del Mar 404,Sí
236961554,Marta,Gómez,marta.gómez@example.com,1,Calle de la Paz 789,No
870179051,Carlos,Salazar,carlos.salazar@example.com,1,Calle de la Paz 789,Sí
700329447,Lucía,Salazar,lucía.salazar@example.com,2,Calle del Mar 404,Sí
466831881,Andrés,Pérez,andrés.pérez@example.com,4,Calle del Viento 707,No
325755468,Lucía,Jiménez,lucía.jiménez@example.com,3,Calle del Mar 404,No
880942022,Marta,Pérez,marta.pérez@example.com,1,Calle del Mar 404,No
230116845,Pedro,Gómez,pedro.gómez@example.com,3,Calle de la Nieve 505,Sí
768405280,Carlos,Reyes,carlos.reyes@example.com,1,Calle de la Paz 789,No
235233173,Valentina,López,valentina.lópez@example.com,2,Avenida Siempre Viva 456,No
761854946,Diego,Pérez,diego.pérez@example.com,4,Calle Falsa 123,Sí
165588807,Carlos,Reyes,carlos.reyes@example.com,2,Avenida Siempre Viva 456,No
743453161,Lucía,Castillo,lucía.castillo@example.com,3,Calle del Río 202,Sí
380997508,Diego,López,diego.lópez@example.com,0,Calle de la Nieve 505,No
980417669,Diego,Jiménez,diego.jiménez@example.com,1,Calle del Viento 707,No
929250725,Andrés,Ortega,andrés.ortega@example.com,0,Calle del Viento 707,Sí
506250934,Andrés,Salazar,andrés.salazar@example.com,5,Avenida Siempre Viva 456,Sí
881815675,Sofía,Ramírez,sofía.ramírez@example.com,5,Calle de la Paz 789,Sí
702779442,Andrés,Ramírez,andrés.ramírez@example.com,0,Calle del Mar 404,Sí
894141312,Sofía,López,sofía.lópez@example.com,4,Calle del Mar 404,No
950293737,Marta,Salazar,marta.salazar@example.com,0,Calle del Sol 101,No
252695423,Marta,Jiménez,marta.jiménez@example.com,0,Calle de la Nieve 505,Sí
936358361,Carlos,Castillo,carlos.castillo@example.com,1,Calle de la Paz 789,Sí
420276746,Pedro,Gómez,pedro.gómez@example.com,1,Calle Falsa 123,No
948205402,Lucía,Jiménez,lucía.jiménez@example.com,5,Calle del Sol 101,No
508703729,Pedro,Reyes,pedro.reyes@example.com,5,Calle del Sol 101,No
504433984,Diego,Ramírez,diego.ramírez@example.com,2,Calle del Sol 101,No
732825589,Juan,Gómez,juan.gómez@example.com,4,Calle del Viento 707,No
834372770,Sofía,Ramírez,sofía.ramírez@example.com,0,Calle del Sol 101,No
851281671,Ana,Reyes,ana.reyes@example.com,1,Calle del Sol 101,Sí
351075936,Valentina,Ortega,valentina.ortega@example.com,0,Calle de la Paz 789,No
489078405,Lucía,López,lucía.lópez@example.com,4,Calle de la Luna 303,Sí
919772972,Sofía,Gómez,sofía.gómez@example.com,1,Calle del Sol 101,No
203855835,Sofía,Gómez,sofía.gómez@example.com,5,Avenida Siempre Viva 456,Sí
268751053,Lucía,Reyes,lucía.reyes@example.com,3,Calle de la Tierra 606,No
876508273,Andrés,Ramírez,andrés.ramírez@example.com,4,Avenida Siempre Viva 456,Sí
407335171,Carlos,Castillo,carlos.castillo@example.com,1,Calle de la Luna 303,Sí
489789434,Diego,Ramírez,diego.ramírez@example.com,1,Calle de la Nieve 505,No
460021309,Juan,Reyes,juan.reyes@example.com,2,Calle de la Paz 789,No
389850756,Valentina,Gómez,valentina.gómez@example.com,3,Calle de la Paz 789,No
304539317,Pedro,Martínez,pedro.martínez@example.com,1,Avenida Siempre Viva 456,Sí
399885786,Juan,Martínez,juan.martínez@example.com,3,Calle de la Nieve 505,No
351208610,Diego,Ramírez,diego.ramírez@example.com,2,Calle del Viento 707,Sí
979297554,Lucía,Ortega,lucía.ortega@example.com,2,Calle de la Paz 789,Sí
470074199,Valentina,Salazar,valentina.salazar@example.com,4,Calle de la Nieve 505,No
372385710,Pedro,Gómez,pedro.gómez@example.com,1,Calle del Sol 101,Sí
877021876,Juan,Pérez,juan.pérez@example.com,0,Calle del Sol 101,Sí
168506076,Pedro,Gómez,pedro.gómez@example.com,3,Calle de la Tierra 606,No
531460114,Andrés,Salazar,andrés.salazar@example.com,5,Calle de la Tierra 606,No
733738102,Ana,Ramírez,ana.ramírez@example.com,2,Calle del Mar 404,Sí
510677635,Valentina,Ortega,valentina.ortega@example.com,1,Avenida Siempre Viva 456,No
532909714,Pedro,Reyes,pedro.reyes@example.com,0,Calle del Sol 101,Sí
849844517,Pedro,López,pedro.lópez@example.com,3,Calle de la Tierra 606,Sí
243649918,Andrés,Ortega,andrés.ortega@example.com,2,Calle del Mar 404,No
796841276,Valentina,Ortega,valentina.ortega@example.com,5,Calle de la Nieve 505,No
738133374,Diego,Reyes,diego.reyes@example.com,0,Calle de la Paz 789,No
231212857,Marta,Jiménez,marta.jiménez@example.com,2,Calle de la Paz 789,Sí
926013672,Ana,Jiménez,ana.jiménez@example.com,3,Calle del Sol 101,No
469915443,Carlos,Martínez,carlos.martínez@example.com,1,Calle del Viento 707,No
115306993,Diego,Ramírez,diego.ramírez@example.com,5,Avenida Siempre Viva 456,Sí
953053689,Marta,Martínez,marta.martínez@example.com,2,Avenida Siempre Viva 456,No
594898191,Lucía,Ortega,lucía.ortega@example.com,4,Calle Falsa 123,No
999656262,Lucía,Jiménez,lucía.jiménez@example.com,2,Calle de la Paz 789,Sí
234878958,Ana,Jiménez,ana.jiménez@example.com,1,Calle del Mar 404,No
207330563,Sofía,Pérez,sofía.pérez@example.com,1,Calle de la Tierra 606,Sí
536334627,Marta,Ramírez,marta.ramírez@example.com,3,Calle de la Paz 789,No
617070886,Ana,Salazar,ana.salazar@example.com,5,Calle del Viento 707,No
877397517,Valentina,Gómez,valentina.gómez@example.com,0,Calle del Río 202,No
666509558,Marta,Ramírez,marta.ramírez@example.com,1,Calle del Mar 404,Sí
411862928,Juan,Castillo,juan.castillo@example.com,5,Calle de la Paz 789,No
611357659,Pedro,Pérez,pedro.pérez@example.com,4,Calle del Viento 707,Sí
707977712,Juan,Salazar,juan.salazar@example.com,5,Calle del Río 202,No
434038243,Sofía,Pérez,sofía.pérez@example.com,1,Calle de la Tierra 606,No
892919269,Diego,Martínez,diego.martínez@example.com,5,Calle de la Paz 789,Sí
440472390,Andrés,Ortega,andrés.ortega@example.com,4,Avenida Siempre Viva 456,No
597060845,Sofía,Ramírez,sofía.ramírez@example.com,4,Calle de la Paz 789,Sí
950919379,Lucía,Jiménez,lucía.jiménez@example.com,3,Calle de la Tierra 606,Sí
455864901,Juan,Ramírez,juan.ramírez@example.com,2,Calle de la Nieve 505,Sí
931929529,Lucía,Gómez,lucía.gómez@example.com,0,Calle del Mar 404,Sí
142241169,Ana,López,ana.lópez@example.com,0,Calle de la Paz 789,Sí
700712157,Juan,Ramírez,juan.ramírez@example.com,0,Calle Falsa 123,No
906585319,Sofía,López,sofía.lópez@example.com,3,Calle de la Luna 303,Sí
433379706,Carlos,Salazar,carlos.salazar@example.com,3,Calle Falsa 123,Sí
551804535,Diego,Salazar,diego.salazar@example.com,5,Calle de la Nieve 505,Sí
138180929,Valentina,Pérez,valentina.pérez@example.com,4,Avenida Siempre Viva 456,No
771765346,Sofía,Reyes,sofía.reyes@example.com,1,Calle del Viento 707,Sí
562693843,Sofía,Castillo,sofía.castillo@example.com,3,Calle de la Tierra 606,No
154672245,Diego,Reyes,diego.reyes@example.com,4,Calle del Mar 404,No
152216904,Pedro,Ramírez,pedro.ramírez@example.com,4,Calle de la Luna 303,No
106676359,Andrés,Ortega,andrés.ortega@example.com,3,Calle del Río 202,No
862001149,Pedro,Ramírez,pedro.ramírez@example.com,5,Calle del Viento 707,Sí
287888636,Diego,López,diego.lópez@example.com,1,Avenida Siempre Viva 456,Sí
895410753,Ana,Gómez,ana.gómez@example.com,0,Calle del Sol 101,No
380483572,Diego,Castillo,diego.castillo@example.com,1,Calle de la Paz 789,No
521475171,Carlos,Jiménez,carlos.jiménez@example.com,3,Calle del Mar 404,Sí
302211796,Juan,Jiménez,juan.jiménez@example.com,1,Calle del Río 202,No
530503351,Juan,Ramírez,juan.ramírez@example.com,0,Calle del Sol 101,Sí
846013211,Lucía,López,lucía.lópez@example.com,4,Calle de la Tierra 606,Sí
665981424,Ana,Pérez,ana.pérez@example.com,4,Calle del Sol 101,Sí
599286733,Carlos,Salazar,carlos.salazar@example.com,3,Calle Falsa 123,Sí
504552875,Andrés,Salazar,andrés.salazar@example.com,0,Calle Falsa 123,No
590737034,Andrés,Ramírez,andrés.ramírez@example.com,1,Calle de la Luna 303,No
492785925,Marta,Ortega,marta.ortega@example.com,3,Calle del Río 202,Sí
340245669,Andrés,Pérez,andrés.pérez@example.com,0,Calle del Sol 101,No
643845306,Sofía,Pérez,sofía.pérez@example.com,0,Calle del Mar 404,Sí
569386605,Pedro,Martínez,pedro.martínez@example.com,3,Calle de la Paz 789,No
651851896,Ana,Ramírez,ana.ramírez@example.com,5,Calle del Mar 404,No
210581626,Carlos,Ramírez,carlos.ramírez@example.com,3,Calle Falsa 123,Sí
417604018,Andrés,Salazar,andrés.salazar@example.com,5,Calle de la Tierra 606,No
863306508,Marta,Martínez,marta.martínez@example.com,1,Calle de la Tierra 606,No
519586898,Ana,Jiménez,ana.jiménez@example.com,2,Calle del Mar 404,No
194841765,Carlos,Martínez,carlos.martínez@example.com,4,Calle de la Tierra 606,No
341882115,Pedro,Salazar,pedro.salazar@example.com,1,Calle del Sol 101,Sí
529473038,Sofía,Salazar,sofía.salazar@example.com,0,Calle del Mar 404,No
853153649,Andrés,Ortega,andrés.ortega@example.com,3,Calle del Sol 101,Sí
757063502,Andrés,Reyes,andrés.reyes@example.com,4,Calle del Río 202,Sí
718021790,Ana,Jiménez,ana.jiménez@example.com,3,Calle de la Paz 789,No
542160623,Carlos,Castillo,carlos.castillo@example.com,1,Avenida Siempre Viva 456,No
342774724,Carlos,Ramírez,carlos.ramírez@example.com,0,Calle de la Luna 303,Sí
325683977,Ana,Jiménez,ana.jiménez@example.com,3,Calle de la Nieve 505,No
772239108,Juan,Jiménez,juan.jiménez@example.com,3,Calle de la Nieve 505,Sí
829939967,Ana,Castillo,ana.castillo@example.com,4,Calle de la Luna 303,Sí
101975730,Ana,López,ana.lópez@example.com,0,Calle del Sol 101,No
299782129,Carlos,Jiménez,carlos.jiménez@example.com,0,Calle de la Paz 789,No
344081879,Sofía,Ramírez,sofía.ramírez@example.com,1,Calle de la Paz 789,Sí
543201337,Diego,Castillo,diego.castillo@example.com,2,Calle de la Luna 303,Sí
925419421,Pedro,Pérez,pedro.pérez@example.com,3,Calle Falsa 123,Sí
682038013,Andrés,Reyes,andrés.reyes@example.com,2,Calle de la Paz 789,Sí
138152974,Juan,Reyes,juan.reyes@example.com,2,Calle del Viento 707,Sí
651498689,Marta,Pérez,marta.pérez@example.com,1,Calle del Viento 707,No
915827237,Valentina,Ramírez,valentina.ramírez@example.com,1,Calle del Río 202,Sí
744263761,Diego,Reyes,diego.reyes@example.com,2,Calle de la Nieve 505,Sí
201147037,Juan,Salazar,juan.salazar@example.com,0,Calle Falsa 123,Sí
498114345,Juan,Pérez,juan.pérez@example.com,4,Calle Falsa 123,Sí
229604558,Andrés,Jiménez,andrés.jiménez@example.com,1,Calle de la Nieve 505,No
660204998,Andrés,Jiménez,andrés.jiménez@example.com,2,Calle del Río 202,No
303953779,Carlos,Salazar,carlos.salazar@example.com,5,Calle del Sol 101,Sí
209112403,Marta,Gómez,marta.gómez@example.com,5,Calle del Viento 707,Sí
320508768,Lucía,Pérez,lucía.pérez@example.com,1,Calle de la Tierra 606,Sí
799260376,Diego,Reyes,diego.reyes@example.com,4,Calle de la Luna 303,No
809238178,Marta,Jiménez,marta.jiménez@example.com,3,Calle de la Luna 303,No
911807087,Ana,Pérez,ana.pérez@example.com,4,Calle de la Nieve 505,Sí
683937162,Valentina,Martínez,valentina.martínez@example.com,2,Calle del Sol 101,No
278247571,Lucía,Jiménez,lucía.jiménez@example.com,1,Calle del Viento 707,No
647060411,Marta,Salazar,marta.salazar@example.com,0,Avenida Siempre Viva 456,No
600650372,Marta,Salazar,marta.salazar@example.com,1,Calle de la Luna 303,No
371195102,Carlos,Reyes,carlos.reyes@example.com,5,Calle del Río 202,No
846922245,Carlos,Castillo,carlos.castillo@example.com,2,Calle de la Nieve 505,No
862628790,Juan,Castillo,juan.castillo@example.com,3,Calle Falsa 123,No
650159644,Lucía,Ortega,lucía.ortega@example.com,5,Calle de la Luna 303,Sí
837511874,Andrés,Ortega,andrés.ortega@example.com,4,Calle de la Luna 303,No
278109957,Marta,Castillo,marta.castillo@example.com,4,Calle de la Luna 303,No
866336552,Carlos,Ramírez,carlos.ramírez@example.com,4,Avenida Siempre Viva 456,Sí
640567037,Carlos,Gómez,carlos.gómez@example.com,5,Avenida Siempre Viva 456,Sí
603411279,Pedro,Castillo,pedro.castillo@example.com,1,Calle del Sol 101,Sí
276055127,Marta,Jiménez,marta.jiménez@example.com,2,Calle Falsa 123,Sí
225122848,Sofía,López,sofía.lópez@example.com,2,Avenida Siempre Viva 456,No
352730847,Lucía,Pérez,lucía.pérez@example.com,0,Calle de la Luna 303,No
229615364,Marta,Pérez,marta.pérez@example.com,5,Calle Falsa 123,Sí
974517479,Lucía,Gómez,lucía.gómez@example.com,3,Calle de la Luna 303,Sí
797275989,Ana,Ramírez,ana.ramírez@example.com,2,Calle de la Tierra 606,No
243928603,Valentina,Martínez,valentina.martínez@example.com,1,Calle Falsa 123,No
540528421,Diego,Pérez,diego.pérez@example.com,5,Calle de la Paz 789,No
253123053,Andrés,Ramírez,andrés.ramírez@example.com,5,Calle de la Nieve 505,Sí
445004514,Juan,Ramírez,juan.ramírez@example.com,1,Calle de la Nieve 505,No
216239245,Valentina,Castillo,valentina.castillo@example.com,5,Calle del Río 202,No
532894783,Carlos,Ramírez,carlos.ramírez@example.com,1,Calle del Mar 404,No
176042850,Lucía,Ramírez,lucía.ramírez@example.com,4,Calle del Río 202,No
485452013,Valentina,Pérez,valentina.pérez@example.com,2,Calle de la Tierra 606,Sí
791137337,Andrés,Jiménez,andrés.jiménez@example.com,4,Calle de la Luna 303,Sí
650581691,Marta,Castillo,marta.castillo@example.com,3,Calle Falsa 123,Sí
143561077,Lucía,Jiménez,lucía.jiménez@example.com,4,Calle del Río 202,No
438661537,Ana,Martínez,ana.martínez@example.com,3,Calle del Mar 404,No
203906082,Ana,Ortega,ana.ortega@example.com,1,Calle del Mar 404,No
800213602,Diego,Ortega,diego.ortega@example.com,0,Calle del Viento 707,Sí
917719674,Marta,López,marta.lópez@example.com,5,Calle del Río 202,No
774665554,Sofía,Ramírez,sofía.ramírez@example.com,2,Avenida Siempre Viva 456,Sí
614721638,Marta,Pérez,marta.pérez@example.com,2,Calle Falsa 123,Sí
168157655,Juan,Martínez,juan.martínez@example.com,4,Calle del Sol 101,Sí
444282553,Sofía,Castillo,sofía.castillo@example.com,3,Calle de la Nieve 505,Sí
801514538,Carlos,Ramírez,carlos.ramírez@example.com,2,Calle Falsa 123,No
818050270,Sofía,López,sofía.lópez@example.com,5,Calle del Viento 707,No
804472399,Carlos,Salazar,carlos.salazar@example.com,1,Calle de la Nieve 505,Sí
171099364,Juan,Martínez,juan.martínez@example.com,4,Avenida Siempre Viva 456,No
571582509,Marta,Ramírez,marta.ramírez@example.com,1,Calle del Río 202,Sí
888690314,Marta,Jiménez,marta.jiménez@example.com,0,Calle del Viento 707,No
469108750,Juan,Ramírez,juan.ramírez@example.com,0,Calle del Viento 707,No
604965048,Lucía,Ramírez,lucía.ramírez@example.com,0,Calle del Río 202,No
401853770,Diego,Salazar,diego.salazar@example.com,4,Calle del Sol 101,Sí
937184686,Pedro,Ortega,pedro.ortega@example.com,3,Calle del Mar 404,Sí
807885513,Carlos,Ortega,carlos.ortega@example.com,2,Calle de la Nieve 505,Sí
119379837,Carlos,Martínez,carlos.martínez@example.com,0,Calle de la Paz 789,No
515517397,Ana,Reyes,ana.reyes@example.com,0,Calle de la Paz 789,Sí
952324995,Ana,Martínez,ana.martínez@example.com,5,Calle del Viento 707,No
880062895,Pedro,Ortega,pedro.ortega@example.com,5,Avenida Siempre Viva 456,Sí
366327503,Pedro,López,pedro.lópez@example.com,4,Calle de la Tierra 606,Sí
991002315,Pedro,Ramírez,pedro.ramírez@example.com,2,Calle del Viento 707,No
437856520,Valentina,López,valentina.lópez@example.com,2,Calle de la Tierra 606,Sí
541855761,Andrés,López,andrés.lópez@example.com,0,Calle de la Tierra 606,No
536048828,Lucía,Castillo,lucía.castillo@example.com,1,Calle del Viento 707,No
312537101,Pedro,Ortega,pedro.ortega@example.com,1,Avenida Siempre Viva 456,No
753088342,Valentina,Ramírez,valentina.ramírez@example.com,0,Avenida Siempre Viva 456,Sí
985300375,Valentina,Gómez,valentina.gómez@example.com,1,Calle de la Paz 789,Sí
121389535,Andrés,Martínez,andrés.martínez@example.com,1,Calle del Viento 707,No
538176260,Andrés,Martínez,andrés.martínez@example.com,5,Calle del Viento 707,Sí
242538709,Juan,Pérez,juan.pérez@example.com,3,Avenida Siempre Viva 456,Sí
947816533,Valentina,Martínez,valentina.martínez@example.com,3,Calle Falsa 123,No
169586559,Lucía,López,lucía.lópez@example.com,3,Calle del Mar 404,No
524968396,Andrés,Pérez,andrés.pérez@example.com,1,Avenida Siempre Viva 456,No
589579587,Ana,Pérez,ana.pérez@example.com,5,Avenida Siempre Viva 456,No
642424929,Diego,Castillo,diego.castillo@example.com,3,Calle del Sol 101,No
852273354,Juan,Ramírez,juan.ramírez@example.com,3,Calle del Mar 404,No
335818237,Andrés,Martínez,andrés.martínez@example.com,1,Calle de la Nieve 505,Sí
603890809,Ana,Ortega,ana.ortega@example.com,4,Calle de la Paz 789,Sí
200530759,Marta,Martínez,marta.martínez@example.com,2,Calle del Mar 404,Sí
367178589,Marta,Salazar,marta.salazar@example.com,4,Calle de la Paz 789,No
919821783,Marta,Ortega,marta.ortega@example.com,4,Calle del Viento 707,Sí
513323611,Sofía,Gómez,sofía.gómez@example.com,3,Calle del Río 202,Sí
838834432,Pedro,Gómez,pedro.gómez@example.com,5,Calle del Río 202,Sí
376948761,Juan,Ortega,juan.ortega@example.com,4,Calle de la Nieve 505,Sí
327677667,Andrés,Jiménez,andrés.jiménez@example.com,3,Calle Falsa 123,Sí
772677386,Sofía,Salazar,sofía.salazar@example.com,0,Avenida Siempre Viva 456,Sí
876894004,Ana,López,ana.lópez@example.com,1,Calle de la Luna 303,Sí
224523154,Juan,Gómez,juan.gómez@example.com,5,Calle del Viento 707,Sí
817974815,Juan,Salazar,juan.salazar@example.com,3,Calle de la Nieve 505,Sí
842311894,Juan,Martínez,juan.martínez@example.com,3,Calle de la Luna 303,No
144826817,Lucía,Ortega,lucía.ortega@example.com,0,Calle de la Tierra 606,No
237795717,Ana,Pérez,ana.pérez@example.com,5,Calle de la Paz 789,Sí
539431476,Carlos,Gómez,carlos.gómez@example.com,2,Calle Falsa 123,No
669486101,Valentina,Ramírez,valentina.ramírez@example.com,4,Calle del Sol 101,Sí
176905861,Juan,Pérez,juan.pérez@example.com,3,Calle del Río 202,Sí
954937475,Diego,Pérez,diego.pérez@example.com,3,Calle de la Luna 303,No
136016989,Juan,Martínez,juan.martínez@example.com,3,Calle del Viento 707,Sí
813147448,Diego,Ortega,diego.ortega@example.com,1,Calle del Sol 101,Sí
328579649,Carlos,Martínez,carlos.martínez@example.com,5,Calle de la Luna 303,No
199849473,Carlos,Pérez,carlos.pérez@example.com,3,Calle de la Paz 789,No
595140192,Ana,Pérez,ana.pérez@example.com,0,Calle del Sol 101,Sí
662793383,Ana,Pérez,ana.pérez@example.com,2,Calle de la Paz 789,Sí
867484092,Marta,Martínez,marta.martínez@example.com,5,Calle de la Luna 303,Sí
319079893,Marta,Gómez,marta.gómez@example.com,5,Calle de la Luna 303,No
437332090,Sofía,Jiménez,sofía.jiménez@example.com,4,Calle Falsa 123,No
379323484,Valentina,Castillo,valentina.castillo@example.com,1,Calle del Mar 404,Sí
708373948,Lucía,Gómez,lucía.gómez@example.com,4,Avenida Siempre Viva 456,No
369933232,Juan,López,juan.lópez@example.com,0,Calle del Río 202,Sí
190410002,Diego,Ortega,diego.ortega@example.com,3,Calle de la Paz 789,No
261508506,Andrés,Ramírez,andrés.ramírez@example.com,1,Calle del Viento 707,Sí
255824364,Lucía,López,lucía.lópez@example.com,2,Calle de la Luna 303,Sí
510690543,Marta,Gómez,marta.gómez@example.com,1,Calle del Viento 707,Sí
445626689,Andrés,Castillo,andrés.castillo@example.com,5,Calle de la Nieve 505,No
350641845,Andrés,Salazar,andrés.salazar@example.com,2,Calle de la Nieve 505,No
244834115,Ana,Ramírez,ana.ramírez@example.com,1,Calle de la Luna 303,Sí
711027556,Sofía,Castillo,sofía.castillo@example.com,5,Calle del Mar 404,No
896145140,Sofía,Salazar,sofía.salazar@example.com,1,Calle Falsa 123,Sí
368351786,Lucía,Salazar,lucía.salazar@example.com,0,Calle del Sol 101,Sí
592688818,Valentina,Reyes,valentina.reyes@example.com,3,Calle del Mar 404,Sí
815827730,Andrés,Ramírez,andrés.ramírez@example.com,5,Calle Falsa 123,Sí
617802773,Pedro,López,pedro.lópez@example.com,2,Avenida Siempre Viva 456,Sí
282907367,Pedro,Jiménez,pedro.jiménez@example.com,3,Calle de la Paz 789,Sí
186073264,Diego,Jiménez,diego.jiménez@example.com,2,Calle de la Tierra 606,Sí
146229028,Juan,Pérez,juan.pérez@example.com,5,Calle de la Tierra 606,Sí
573644823,Pedro,Gómez,pedro.gómez@example.com,0,Calle del Viento 707,No
166564043,Ana,Ramírez,ana.ramírez@example.com,4,Calle de la Luna 303,Sí
692145133,Marta,Castillo,marta.castillo@example.com,1,Calle del Mar 404,Sí
900365689,Ana,Gómez,ana.gómez@example.com,2,Avenida Siempre Viva 456,Sí
552774895,Carlos,Martínez,carlos.martínez@example.com,1,Calle Falsa 123,No
874722565,Valentina,Ramírez,valentina.ramírez@example.com,5,Calle de la Tierra 606,Sí
294545317,Pedro,Pérez,pedro.pérez@example.com,5,Calle del Viento 707,Sí
678867562,Lucía,Gómez,lucía.gómez@example.com,4,Calle de la Paz 789,No
674250776,Sofía,López,sofía.lópez@example.com,1,Calle de la Tierra 606,No
259351110,Valentina,Gómez,valentina.gómez@example.com,5,Calle de la Luna 303,Sí
159574511,Carlos,Gómez,carlos.gómez@example.com,1,Calle de la Paz 789,No
432908352,Carlos,López,carlos.lópez@example.com,2,Calle Falsa 123,Sí
775882169,Diego,Reyes,diego.reyes@example.com,5,Calle del Sol 101,No
437531200,Marta,Ortega,marta.ortega@example.com,4,Calle de la Nieve 505,Sí
705083635,Valentina,Castillo,valentina.castillo@example.com,1,Calle del Sol 101,Sí
559564046,Lucía,Jiménez,lucía.jiménez@example.com,3,Calle del Viento 707,No
280274815,Ana,Salazar,ana.salazar@example.com,4,Calle del Sol 101,No
627414958,Pedro,Jiménez,pedro.jiménez@example.com,4,Calle del Viento 707,No
380165953,Lucía,Gómez,lucía.gómez@example.com,3,Calle de la Tierra 606,No
274617334,Andrés,Ortega,andrés.ortega@example.com,3,Avenida Siempre Viva 456,Sí
132312192,Carlos,Castillo,carlos.castillo@example.com,3,Calle de la Paz 789,No
796077775,Carlos,Ortega,carlos.ortega@example.com,3,Calle de la Luna 303,Sí
760472094,Valentina,López,valentina.lópez@example.com,5,Calle del Sol 101,Sí
356775129,Marta,Salazar,marta.salazar@example.com,5,Calle del Sol 101,Sí
958222079,Ana,López,ana.lópez@example.com,4,Calle de la Tierra 606,Sí
506504436,Sofía,Castillo,sofía.castillo@example.com,3,Calle Falsa 123,Sí
618001311,Sofía,Ortega,sofía.ortega@example.com,2,Calle del Río 202,Sí
325802960,Diego,Reyes,diego.reyes@example.com,0,Calle de la Paz 789,No
886912904,Andrés,López,andrés.lópez@example.com,1,Calle de la Nieve 505,No
839864108,Pedro,Salazar,pedro.salazar@example.com,5,Calle de la Tierra 606,No
508350390,Juan,López,juan.lópez@example.com,3,Avenida Siempre Viva 456,Sí
434669184,Juan,Gómez,juan.gómez@example.com,0,Calle de la Paz 789,Sí
533376993,Valentina,Ramírez,valentina.ramírez@example.com,2,Calle de la Nieve 505,No
515883719,Ana,Jiménez,ana.jiménez@example.com,5,Calle del Sol 101,No
541477834,Ana,Salazar,ana.salazar@example.com,3,Calle de la Tierra 606,No
227204073,Pedro,Jiménez,pedro.jiménez@example.com,1,Calle del Río 202,No
596740577,Pedro,Pérez,pedro.pérez@example.com,2,Calle Falsa 123,Sí
973698411,Carlos,Pérez,carlos.pérez@example.com,5,Calle Falsa 123,Sí
170650087,Marta,Ortega,marta.ortega@example.com,0,Calle del Sol 101,Sí
375098626,Lucía,Pérez,lucía.pérez@example.com,5,Calle de la Nieve 505,No
707057457,Pedro,Ramírez,pedro.ramírez@example.com,1,Calle del Viento 707,Sí
310403203,Diego,Castillo,diego.castillo@example.com,4,Calle de la Tierra 606,No
989059056,Juan,Pérez,juan.pérez@example.com,3,Calle del Sol 101,Sí
988969879,Diego,Castillo,diego.castillo@example.com,1,Calle del Río 202,No
355408817,Andrés,Jiménez,andrés.jiménez@example.com,2,Calle del Viento 707,Sí
500042694,Valentina,Gómez,valentina.gómez@example.com,2,Calle del Mar 404,Sí
329767856,Marta,Gómez,marta.gómez@example.com,4,Calle de la Tierra 606,Sí
455809531,Carlos,Martínez,carlos.martínez@example.com,3,Avenida Siempre Viva 456,Sí
822186949,Andrés,Pérez,andrés.pérez@example.com,1,Calle del Sol 101,No
428415549,Sofía,Pérez,sofía.pérez@example.com,2,Calle del Río 202,No
788901448,Marta,Salazar,marta.salazar@example.com,3,Calle de la Luna 303,No
842850344,Ana,Gómez,ana.gómez@example.com,3,Calle de la Luna 303,No
437497306,Diego,Ramírez,diego.ramírez@example.com,3,Calle de la Tierra 606,No
438165854,Valentina,Pérez,valentina.pérez@example.com,3,Avenida Siempre Viva 456,No
889709310,Pedro,López,pedro.lópez@example.com,1,Calle de la Tierra 606,Sí
277608490,Marta,Ramírez,marta.ramírez@example.com,2,Calle del Viento 707,Sí
138733525,Ana,Gómez,ana.gómez@example.com,1,Calle de la Nieve 505,No
137112172,Diego,López,diego.lópez@example.com,5,Calle del Viento 707,Sí
239350737,Andrés,Ortega,andrés.ortega@example.com,0,Calle del Mar 404,Sí
103153525,Pedro,Gómez,pedro.gómez@example.com,0,Calle del Mar 404,No
242924066,Valentina,Pérez,valentina.pérez@example.com,1,Avenida Siempre Viva 456,No
255698882,Valentina,López,valentina.lópez@example.com,0,Calle del Viento 707,No
286889650,Marta,Castillo,marta.castillo@example.com,3,Calle de la Tierra 606,Sí
722982478,Marta,Reyes,marta.reyes@example.com,3,Calle de la Nieve 505,No
900951950,Valentina,Jiménez,valentina.jiménez@example.com,0,Calle del Río 202,Sí
228103792,Juan,Jiménez,juan.jiménez@example.com,2,Calle del Sol 101,Sí
987187793,Pedro,Reyes,pedro.reyes@example.com,2,Calle de la Tierra 606,Sí
570374555,Ana,Pérez,ana.pérez@example.com,5,Calle de la Nieve 505,No
520146310,Andrés,Jiménez,andrés.jiménez@example.com,0,Calle del Viento 707,Sí
194026700,Carlos,Jiménez,carlos.jiménez@example.com,3,Calle de la Luna 303,Sí
113149591,Juan,Pérez,juan.pérez@example.com,3,Calle de la Nieve 505,No
550137099,Sofía,Castillo,sofía.castillo@example.com,0,Calle de la Nieve 505,No
998290299,Juan,Martínez,juan.martínez@example.com,4,Calle del Viento 707,No
229306994,Valentina,Martínez,valentina.martínez@example.com,3,Calle del Mar 404,Sí
671678289,Pedro,Salazar,pedro.salazar@example.com,2,Calle del Viento 707,No
826024268,Carlos,Salazar,carlos.salazar@example.com,5,Calle Falsa 123,Sí
450305121,Juan,Gómez,juan.gómez@example.com,0,Avenida Siempre Viva 456,Sí
215719946,Marta,Martínez,marta.martínez@example.com,0,Calle del Viento 707,No
882904335,Lucía,Jiménez,lucía.jiménez@example.com,0,Calle de la Luna 303,Sí
292084475,Sofía,Gómez,sofía.gómez@example.com,0,Calle del Viento 707,No
346986296,Andrés,Ramírez,andrés.ramírez@example.com,1,Avenida Siempre Viva 456,No
990233624,Lucía,Reyes,lucía.reyes@example.com,0,Calle de la Nieve 505,No
455350195,Andrés,López,andrés.lópez@example.com,2,Calle de la Tierra 606,No
405723335,Lucía,Ortega,lucía.ortega@example.com,2,Avenida Siempre Viva 456,Sí
725888602,Ana,Reyes,ana.reyes@example.com,2,Calle del Mar 404,Sí
198548013,Juan,López,juan.lópez@example.com,5,Calle Falsa 123,Sí
352120750,Sofía,Reyes,sofía.reyes@example.com,5,Calle del Mar 404,No
672833221,Marta,Jiménez,marta.jiménez@example.com,3,Calle de la Paz 789,Sí
776105125,Juan,Reyes,juan.reyes@example.com,2,Calle de la Tierra 606,No
800934762,Pedro,López,pedro.lópez@example.com,2,Calle del Viento 707,No
710693684,Andrés,Gómez,andrés.gómez@example.com,0,Calle de la Luna 303,Sí
131962255,Valentina,Ortega,valentina.ortega@example.com,4,Calle del Mar 404,Sí
812236588,Sofía,Castillo,sofía.castillo@example.com,0,Calle del Mar 404,Sí
525797600,Andrés,Pérez,andrés.pérez@example.com,1,Calle del Mar 404,Sí
869944928,Carlos,Ramírez,carlos.ramírez@example.com,1,Calle del Viento 707,No
696521040,Lucía,Castillo,lucía.castillo@example.com,1,Calle del Río 202,No
163743980,Pedro,Ortega,pedro.ortega@example.com,3,Calle de la Luna 303,Sí
347762370,Diego,Jiménez,diego.jiménez@example.com,0,Calle del Río 202,Sí
587096962,Carlos,Salazar,carlos.salazar@example.com,4,Calle del Mar 404,Sí
101864895,Pedro,López,pedro.lópez@example.com,0,Calle de la Paz 789,No
203170649,Andrés,Gómez,andrés.gómez@example.com,2,Avenida Siempre Viva 456,Sí
133951702,Carlos,Jiménez,carlos.jiménez@example.com,4,Calle del Mar 404,Sí
933970621,Juan,Ramírez,juan.ramírez@example.com,5,Calle del Viento 707,Sí
408321395,Marta,Reyes,marta.reyes@example.com,4,Calle del Sol 101,No
423849742,Juan,Martínez,juan.martínez@example.com,1,Calle del Río 202,Sí
668343068,Diego,López,diego.lópez@example.com,0,Calle del Viento 707,No
137472671,Sofía,Pérez,sofía.pérez@example.com,0,Calle Falsa 123,No
471596077,Lucía,Jiménez,lucía.jiménez@example.com,2,Calle de la Luna 303,Sí
374565223,Diego,Martínez,diego.martínez@example.com,3,Calle de la Nieve 505,Sí
809358080,Andrés,Salazar,andrés.salazar@example.com,4,Calle de la Paz 789,No
551143386,Ana,Ramírez,ana.ramírez@example.com,5,Calle de la Tierra 606,No
932529934,Andrés,Pérez,andrés.pérez@example.com,1,Calle del Río 202,Sí
